empresa,pais,fecha_online,conteo
adn - recursos humanos,Argentina,Abril,71
adn - recursos humanos,Argentina,Abril,51
adn - recursos humanos,Argentina,Abril,50
adn - recursos humanos,Argentina,Abril,49
adn - recursos humanos,Argentina,Abril,45
bairesdev,Argentina,Abril,41
adn - recursos humanos,Argentina,Abril,37
tusclases,Argentina,Abril,33
adn - recursos humanos,Argentina,Abril,30
latinhire,Argentina,Abril,30
latinhire,Argentina,Abril,30
latinhire,Argentina,Abril,30
adn - recursos humanos,Argentina,Abril,29
manpowergroup,Argentina,Abril,25
adn - recursos humanos,Argentina,Abril,24
adn - recursos humanos,Argentina,Abril,22
adn - recursos humanos,Argentina,Abril,20
bairesdev,Argentina,Abril,20
manpowergroup,Argentina,Abril,20
adn - recursos humanos,Argentina,Abril,19
latinhire,Argentina,Enero,27
latinhire,Argentina,Enero,20
grupo servicemen,Argentina,Enero,12
adecco argentina s.a.,Argentina,Enero,9
.activos humanos,Argentina,Enero,8
camara de agentes de telecomunicaciones móviles de argentina (catema),Argentina,Enero,8
plc - proyecto laboral consultores,Argentina,Enero,7
.activos humanos,Argentina,Enero,6
rh+tecnología,Argentina,Enero,6
.activos humanos,Argentina,Enero,5
acevedo obras viales y civiles,Argentina,Enero,5
adecco argentina s.a.,Argentina,Enero,5
megajobs,Argentina,Enero,5
plc - proyecto laboral consultores,Argentina,Enero,5
prohomine,Argentina,Enero,5
servicio personal eventual (decide srl),Argentina,Enero,5
brasas argentinas san justo,Argentina,Enero,4
c&s informática s.a.,Argentina,Enero,4
caridad relaciones efectivas,Argentina,Enero,4
consultora sicc,Argentina,Enero,4
adn - recursos humanos,Argentina,Febrero,179
adn - recursos humanos,Argentina,Febrero,171
adn - recursos humanos,Argentina,Febrero,154
adn - recursos humanos,Argentina,Febrero,134
bairesdev,Argentina,Febrero,95
latinhire,Argentina,Febrero,83
adn - recursos humanos,Argentina,Febrero,77
manpowergroup,Argentina,Febrero,72
manpowergroup,Argentina,Febrero,65
manpowergroup,Argentina,Febrero,60
manpowergroup,Argentina,Febrero,58
bairesdev,Argentina,Febrero,57
consultores de empresas,Argentina,Febrero,48
manpowergroup,Argentina,Febrero,47
bayton,Argentina,Febrero,36
grupo gestión,Argentina,Febrero,35
bayton,Argentina,Febrero,33
consultores de empresas,Argentina,Febrero,31
bayton,Argentina,Febrero,30
consultores de empresas,Argentina,Febrero,30
adn - recursos humanos,Argentina,Julio,55
adn - recursos humanos,Argentina,Julio,42
adn - recursos humanos,Argentina,Julio,36
latinhire,Argentina,Julio,30
adn - recursos humanos,Argentina,Julio,26
adn - recursos humanos,Argentina,Julio,26
bairesdev,Argentina,Julio,25
bairesdev,Argentina,Julio,25
adn - recursos humanos,Argentina,Julio,21
adn - recursos humanos,Argentina,Julio,20
adn - recursos humanos,Argentina,Julio,19
adn - recursos humanos,Argentina,Julio,19
hv talent,Argentina,Julio,16
adn - recursos humanos,Argentina,Julio,14
mvl consulting,Argentina,Julio,13
solvens servicios especializados,Argentina,Julio,11
adn - recursos humanos,Argentina,Julio,10
latinhire,Argentina,Julio,10
remax express,Argentina,Julio,10
bayton,Argentina,Julio,9
adn - recursos humanos,Argentina,Junio,61
adn - recursos humanos,Argentina,Junio,56
adn - recursos humanos,Argentina,Junio,48
adn - recursos humanos,Argentina,Junio,39
bairesdev,Argentina,Junio,39
adn - recursos humanos,Argentina,Junio,37
adn - recursos humanos,Argentina,Junio,35
latinhire,Argentina,Junio,30
latinhire,Argentina,Junio,30
latinhire,Argentina,Junio,30
adn - recursos humanos,Argentina,Junio,29
adn - recursos humanos,Argentina,Junio,27
adn - recursos humanos,Argentina,Junio,26
adn - recursos humanos,Argentina,Junio,25
adn - recursos humanos,Argentina,Junio,25
bairesdev,Argentina,Junio,25
adn - recursos humanos,Argentina,Junio,23
adn - recursos humanos,Argentina,Junio,21
adn - recursos humanos,Argentina,Junio,20
bairesdev,Argentina,Junio,19
adn - recursos humanos,Argentina,Marzo,148
adn - recursos humanos,Argentina,Marzo,136
adn - recursos humanos,Argentina,Marzo,92
adn - recursos humanos,Argentina,Marzo,81
adn - recursos humanos,Argentina,Marzo,79
bairesdev,Argentina,Marzo,79
adn - recursos humanos,Argentina,Marzo,76
bairesdev,Argentina,Marzo,54
manpowergroup,Argentina,Marzo,47
adn - recursos humanos,Argentina,Marzo,41
latinhire,Argentina,Marzo,40
adn - recursos humanos,Argentina,Marzo,37
latinhire,Argentina,Marzo,35
adn - recursos humanos,Argentina,Marzo,32
bairesdev,Argentina,Marzo,32
latinhire,Argentina,Marzo,30
consultores de empresas,Argentina,Marzo,28
adn - recursos humanos,Argentina,Marzo,27
ecosistemas,Argentina,Marzo,27
manpowergroup,Argentina,Marzo,27
adn - recursos humanos,Argentina,Mayo,65
adn - recursos humanos,Argentina,Mayo,54
adn - recursos humanos,Argentina,Mayo,47
adn - recursos humanos,Argentina,Mayo,40
adn - recursos humanos,Argentina,Mayo,33
adn - recursos humanos,Argentina,Mayo,31
adn - recursos humanos,Argentina,Mayo,30
latinhire,Argentina,Mayo,30
adn - recursos humanos,Argentina,Mayo,26
adn - recursos humanos,Argentina,Mayo,26
bairesdev,Argentina,Mayo,26
latinhire,Argentina,Mayo,24
latinhire,Argentina,Mayo,24
adn - recursos humanos,Argentina,Mayo,23
bairesdev,Argentina,Mayo,23
bairesdev,Argentina,Mayo,23
adn - recursos humanos,Argentina,Mayo,22
adn - recursos humanos,Argentina,Mayo,22
latinhire,Argentina,Mayo,20
adn - recursos humanos,Argentina,Mayo,19
bairesdev sa,Bolivia,Abril,113
bairesdev sa,Bolivia,Abril,46
bairesdev sa,Bolivia,Abril,26
oktana,Bolivia,Abril,4
bairesdev sa,Bolivia,Abril,3
oktana,Bolivia,Abril,3
mobile phone,Bolivia,Abril,2
oktana,Bolivia,Abril,2
oktana,Bolivia,Abril,2
consultora g&al,Bolivia,Abril,1
lucky bolivia s.a.,Bolivia,Abril,1
oa bolivia srl,Bolivia,Abril,1
oktana,Bolivia,Abril,1
oktana,Bolivia,Abril,1
cn global arcadia s.l.,Bolivia,Enero,2
digital harbor,Bolivia,Enero,2
specpro cicbla s.r.l.,Bolivia,Enero,2
explora,Bolivia,Enero,2
mis envios,Bolivia,Enero,1
oa bolivia srl,Bolivia,Enero,1
oa bolivia srl,Bolivia,Enero,1
pacific credit rating,Bolivia,Enero,1
bairesdev sa,Bolivia,Febrero,139
bairesdev sa,Bolivia,Febrero,22
bairesdev sa,Bolivia,Febrero,10
bairesdev sa,Bolivia,Febrero,10
biz latin hub,Bolivia,Febrero,3
boliviaven group,Bolivia,Febrero,1
haussmann consulting,Bolivia,Febrero,1
incasursl,Bolivia,Febrero,1
oa bolivia srl,Bolivia,Febrero,1
pacific credit rating,Bolivia,Febrero,1
pacific credit rating,Bolivia,Febrero,1
bairesdev sa,Bolivia,Julio,122
bairesdev sa,Bolivia,Julio,44
bairesdev sa,Bolivia,Julio,38
bairesdev sa,Bolivia,Julio,16
simbios,Bolivia,Julio,2
concretec,Bolivia,Julio,2
oktana,Bolivia,Julio,2
oktana,Bolivia,Julio,2
arguilea sc,Bolivia,Julio,1
inducomicc bolivia s.r.l,Bolivia,Julio,1
pacific credit rating,Bolivia,Julio,1
jmv sport srl.,Bolivia,Julio,1
gurusoft,Bolivia,Julio,1
haussmann consulting,Bolivia,Julio,1
haussmann consulting,Bolivia,Julio,1
auxiliares altea,Bolivia,Julio,1
concretec,Bolivia,Julio,1
auditool srl,Bolivia,Julio,1
universidad privada boliviana,Bolivia,Julio,1
bairesdev sa,Bolivia,Junio,230
bairesdev sa,Bolivia,Junio,136
bairesdev sa,Bolivia,Junio,96
bairesdev sa,Bolivia,Junio,80
bairesdev sa,Bolivia,Junio,38
bairesdev sa,Bolivia,Junio,4
oktana,Bolivia,Junio,3
oktana,Bolivia,Junio,3
oktana,Bolivia,Junio,2
oa bolivia srl,Bolivia,Junio,2
oktana,Bolivia,Junio,2
oktana,Bolivia,Junio,2
arguilea sc,Bolivia,Junio,1
corefix,Bolivia,Junio,1
corefix,Bolivia,Junio,1
corefix,Bolivia,Junio,1
arguilea sc,Bolivia,Junio,1
auxiliares altea,Bolivia,Junio,1
corefix,Bolivia,Junio,1
bairesdev sa,Bolivia,Marzo,116
bairesdev sa,Bolivia,Marzo,4
oktana,Bolivia,Marzo,3
bairesdev sa,Bolivia,Marzo,2
incasursl,Bolivia,Marzo,2
selina,Bolivia,Marzo,2
consultora g&al,Bolivia,Marzo,1
consultora g&al,Bolivia,Marzo,1
pos net bolivia,Bolivia,Marzo,1
selina,Bolivia,Marzo,1
bairesdev sa,Bolivia,Mayo,220
bairesdev sa,Bolivia,Mayo,10
oktana,Bolivia,Mayo,3
gurusoft,Bolivia,Mayo,1
oa bolivia srl,Bolivia,Mayo,1
empresa com nome confidencial,Brasil,Abril,252
empresa com nome confidencial,Brasil,Abril,167
empresa com nome confidencial,Brasil,Abril,15
empresa com nome confidencial,Brasil,Abril,13
empresa com nome confidencial,Brasil,Abril,12
empresa com nome confidencial,Brasil,Abril,8
djuly,Brasil,Abril,7
empresa com nome confidencial,Brasil,Abril,7
empresa com nome confidencial,Brasil,Abril,7
empresa com nome confidencial,Brasil,Abril,7
empresa com nome confidencial,Brasil,Abril,7
empresa com nome confidencial,Brasil,Abril,7
cifal distribuidora,Brasil,Abril,6
corpo sublime,Brasil,Abril,6
corpo sublime,Brasil,Abril,6
ezops,Brasil,Abril,6
empresa com nome confidencial,Brasil,Abril,6
empresa com nome confidencial,Brasil,Abril,6
empresa com nome confidencial,Brasil,Abril,6
empresa com nome confidencial,Brasil,Abril,6
estágio sul recursos humanos,Brasil,Enero,906
consolidar diversidade nos ne...,Brasil,Enero,296
moura fonseca recursos humano...,Brasil,Enero,154
share rh,Brasil,Enero,126
degrau do sucesso,Brasil,Enero,122
competenza consultoria,Brasil,Enero,103
auge recursos humanos,Brasil,Enero,94
progat,Brasil,Enero,86
interhativa consultoria e ass...,Brasil,Enero,80
rheal consultores,Brasil,Enero,79
grupo big,Brasil,Enero,78
interhativa consultoria e ass...,Brasil,Enero,77
senador empregos,Brasil,Enero,75
novo rumo r.h e treinamento,Brasil,Enero,70
precision rh,Brasil,Enero,68
grupo big,Brasil,Enero,66
share rh,Brasil,Enero,65
agiliza servicos empresariais,Brasil,Enero,60
seibras estagios  efetivos,Brasil,Enero,60
exito recursos humanos,Brasil,Enero,55
pro gestão consultoria,Brasil,Febrero,105
global empregos. (l-sp),Brasil,Febrero,43
grupo sertec,Brasil,Febrero,43
vem-ser rh,Brasil,Febrero,41
empregos santa catarina,Brasil,Febrero,36
missão rh,Brasil,Febrero,35
support empresarial,Brasil,Febrero,35
randstad - filial curitiba pr,Brasil,Febrero,26
gente em foco gestao humana,Brasil,Febrero,25
studart r h,Brasil,Febrero,23
futura estágios,Brasil,Febrero,19
laboral recursos humanos,Brasil,Febrero,18
verisure brasil,Brasil,Febrero,18
agência euphoria,Brasil,Febrero,17
empresa com nome confidencial,Brasil,Febrero,17
luandre servicos temporarios....,Brasil,Febrero,17
base consultoria,Brasil,Febrero,16
empresa com nome confidencial,Brasil,Febrero,16
empresa com nome confidencial,Brasil,Febrero,14
grupo big,Brasil,Febrero,14
empresa com nome confidencial,Brasil,Julio,196
empresa com nome confidencial,Brasil,Julio,79
empresa com nome confidencial,Brasil,Julio,71
empresa com nome confidencial,Brasil,Julio,15
empresa com nome confidencial,Brasil,Julio,11
empresa com nome confidencial,Brasil,Julio,7
empresa com nome confidencial,Brasil,Julio,7
empresa com nome confidencial,Brasil,Julio,7
apice brasil consultoria,Brasil,Julio,6
empresa com nome confidencial,Brasil,Julio,6
empresa com nome confidencial,Brasil,Julio,6
empresa com nome confidencial,Brasil,Julio,6
empresa com nome confidencial,Brasil,Julio,6
empresa com nome confidencial,Brasil,Julio,6
empresa com nome confidencial,Brasil,Julio,6
empresa com nome confidencial,Brasil,Julio,6
empresa com nome confidencial,Brasil,Julio,6
gmud tecnologia e informatica,Brasil,Julio,6
major bs,Brasil,Julio,6
método supera - ginástica par...,Brasil,Julio,6
empresa com nome confidencial,Brasil,Junio,252
empresa com nome confidencial,Brasil,Junio,126
empresa com nome confidencial,Brasil,Junio,41
empresa com nome confidencial,Brasil,Junio,20
empresa com nome confidencial,Brasil,Junio,10
empresa com nome confidencial,Brasil,Junio,10
grupo big,Brasil,Junio,10
empresa com nome confidencial,Brasil,Junio,9
empresa com nome confidencial,Brasil,Junio,8
empresa com nome confidencial,Brasil,Junio,8
empresa com nome confidencial,Brasil,Junio,8
empresa com nome confidencial,Brasil,Junio,8
empresa com nome confidencial,Brasil,Junio,7
empresa com nome confidencial,Brasil,Junio,7
empresa com nome confidencial,Brasil,Junio,7
grupo big,Brasil,Junio,7
atento brasil. (m),Brasil,Junio,6
ats,Brasil,Junio,6
all net,Brasil,Junio,6
all net,Brasil,Junio,6
empresa com nome confidencial,Brasil,Marzo,565
empresa com nome confidencial,Brasil,Marzo,19
empresa com nome confidencial,Brasil,Marzo,19
empresa com nome confidencial,Brasil,Marzo,18
empresa com nome confidencial,Brasil,Marzo,12
empresa com nome confidencial,Brasil,Marzo,12
evolucoes organizacao contabil,Brasil,Marzo,11
empresa com nome confidencial,Brasil,Marzo,10
empresa com nome confidencial,Brasil,Marzo,10
empresa com nome confidencial,Brasil,Marzo,9
empresa com nome confidencial,Brasil,Marzo,9
evolucoes organizacao contabil,Brasil,Marzo,7
empresa com nome confidencial,Brasil,Marzo,7
empresa com nome confidencial,Brasil,Marzo,7
empresa com nome confidencial,Brasil,Marzo,7
empresa com nome confidencial,Brasil,Marzo,7
empresa com nome confidencial,Brasil,Marzo,7
empresa com nome confidencial,Brasil,Marzo,7
antunes e silva,Brasil,Marzo,6
bellabelha,Brasil,Marzo,6
empresa com nome confidencial,Brasil,Mayo,203
empresa com nome confidencial,Brasil,Mayo,165
empresa com nome confidencial,Brasil,Mayo,44
empresa com nome confidencial,Brasil,Mayo,10
empresa com nome confidencial,Brasil,Mayo,9
empresa com nome confidencial,Brasil,Mayo,8
empresa com nome confidencial,Brasil,Mayo,7
empresa com nome confidencial,Brasil,Mayo,7
empresa com nome confidencial,Brasil,Mayo,7
grupo big,Brasil,Mayo,7
agape gestão de pessoas,Brasil,Mayo,6
agape gestão de pessoas,Brasil,Mayo,6
agape gestão de pessoas,Brasil,Mayo,6
advocacia sustentável,Brasil,Mayo,6
advocacia sustentável,Brasil,Mayo,6
advocacia sustentável,Brasil,Mayo,6
all net,Brasil,Mayo,6
all net,Brasil,Mayo,6
capto rh,Brasil,Mayo,6
capto rh,Brasil,Mayo,6
xinerlink,Chile,Abril,157
xinerlink,Chile,Abril,99
xinerlink,Chile,Abril,74
xinerlink,Chile,Abril,51
grupo expro,Chile,Abril,47
grupo expro,Chile,Abril,44
adecco chile,Chile,Abril,43
xinerlink,Chile,Abril,42
xinerlink,Chile,Abril,36
xinerlink,Chile,Abril,34
xinerlink,Chile,Abril,32
adecco chile,Chile,Abril,28
atcom,Chile,Abril,26
xinerlink,Chile,Abril,26
atcom,Chile,Abril,25
adecco chile,Chile,Abril,24
ecr group,Chile,Abril,21
grupo expro,Chile,Abril,21
adecco chile,Chile,Abril,20
atcom,Chile,Abril,20
incosec,Chile,Enero,45
incosec,Chile,Enero,39
grupo expro,Chile,Enero,35
grupo expro,Chile,Enero,35
activos chile,Chile,Enero,23
incosec,Chile,Enero,23
mm asesorias,Chile,Enero,21
sos group capital humano,Chile,Enero,21
atcom,Chile,Enero,20
atcom,Chile,Enero,16
bctecnología,Chile,Enero,15
genesys ltda.,Chile,Enero,15
sos group capital humano,Chile,Enero,15
progestion chile,Chile,Enero,14
atento chile sa,Chile,Enero,12
grupo expro,Chile,Enero,12
grupo norte chile - servicios de aseo y outsoursing,Chile,Enero,12
planificacion e ingenieria delpro ltda.,Chile,Enero,11
aramark multiservicios,Chile,Enero,10
alianza seguridad,Chile,Enero,10
xinerlink,Chile,Febrero,619
xinerlink,Chile,Febrero,321
xinerlink,Chile,Febrero,242
adecco chile,Chile,Febrero,218
xinerlink,Chile,Febrero,182
adecco chile,Chile,Febrero,171
adecco chile,Chile,Febrero,170
xinerlink,Chile,Febrero,162
adecco chile,Chile,Febrero,151
tecnoempleos,Chile,Febrero,120
ecr group,Chile,Febrero,119
adecco chile,Chile,Febrero,98
ecr group,Chile,Febrero,91
cygnus,Chile,Febrero,82
ecr group,Chile,Febrero,80
ecr group,Chile,Febrero,76
cygnus,Chile,Febrero,67
grupo expro,Chile,Febrero,52
sos group capital humano,Chile,Febrero,51
incosec,Chile,Febrero,49
xinerlink,Chile,Julio,132
xinerlink,Chile,Julio,84
xinerlink,Chile,Julio,64
xinerlink,Chile,Julio,60
xinerlink,Chile,Julio,49
xinerlink,Chile,Julio,47
xinerlink,Chile,Julio,45
ecr group,Chile,Julio,35
adecco chile,Chile,Julio,31
xinerlink,Chile,Julio,26
xinerlink,Chile,Julio,25
xinerlink,Chile,Julio,24
adecco chile,Chile,Julio,22
adecco chile,Chile,Julio,21
xinerlink,Chile,Julio,19
activos chile,Chile,Julio,18
adecco chile,Chile,Julio,17
adecco chile,Chile,Julio,16
cosmos,Chile,Julio,15
verisure,Chile,Julio,15
xinerlink,Chile,Junio,134
xinerlink,Chile,Junio,117
xinerlink,Chile,Junio,99
xinerlink,Chile,Junio,89
xinerlink,Chile,Junio,88
xinerlink,Chile,Junio,88
xinerlink,Chile,Junio,77
xinerlink,Chile,Junio,76
xinerlink,Chile,Junio,74
adecco chile,Chile,Junio,71
xinerlink,Chile,Junio,65
xinerlink,Chile,Junio,56
xinerlink,Chile,Junio,54
xinerlink,Chile,Junio,48
xinerlink,Chile,Junio,46
xinerlink,Chile,Junio,43
xinerlink,Chile,Junio,34
ecr group,Chile,Junio,32
adecco chile,Chile,Junio,30
siempre,Chile,Junio,28
xinerlink,Chile,Marzo,422
xinerlink,Chile,Marzo,214
xinerlink,Chile,Marzo,166
adecco chile,Chile,Marzo,158
xinerlink,Chile,Marzo,154
adecco chile,Chile,Marzo,110
adecco chile,Chile,Marzo,95
xinerlink,Chile,Marzo,79
adecco chile,Chile,Marzo,70
ecr group,Chile,Marzo,69
ecr group,Chile,Marzo,61
adecco chile,Chile,Marzo,56
atcom,Chile,Marzo,53
grupo expro,Chile,Marzo,46
grupo expro,Chile,Marzo,34
activos chile,Chile,Marzo,33
fuerza laboral e.s.t. spa,Chile,Marzo,33
cygnus,Chile,Marzo,31
atcom,Chile,Marzo,30
cygnus,Chile,Marzo,30
xinerlink,Chile,Mayo,174
xinerlink,Chile,Mayo,97
xinerlink,Chile,Mayo,82
xinerlink,Chile,Mayo,78
xinerlink,Chile,Mayo,74
xinerlink,Chile,Mayo,48
xinerlink,Chile,Mayo,43
xinerlink,Chile,Mayo,37
xinerlink,Chile,Mayo,37
xinerlink,Chile,Mayo,35
ecr group,Chile,Mayo,34
xinerlink,Chile,Mayo,34
xinerlink,Chile,Mayo,33
adecco chile,Chile,Mayo,30
xinerlink,Chile,Mayo,29
adecco chile,Chile,Mayo,26
adecco chile,Chile,Mayo,26
xinerlink,Chile,Mayo,26
adecco chile,Chile,Mayo,25
xinerlink,Chile,Mayo,25
emtelco cx & bpo,Colombia,Abril,194
manpower professional ltda,Colombia,Abril,162
teleperformance colombia,Colombia,Abril,154
teleperformance colombia,Colombia,Abril,133
teleperformance colombia,Colombia,Abril,131
teleperformance colombia,Colombia,Abril,129
manpower professional ltda,Colombia,Abril,126
manpower professional ltda,Colombia,Abril,121
teleperformance colombia,Colombia,Abril,121
emtelco cx & bpo,Colombia,Abril,120
teleperformance colombia,Colombia,Abril,120
teleperformance colombia,Colombia,Abril,115
teleperformance colombia,Colombia,Abril,113
activos s a s,Colombia,Abril,110
manpower professional ltda,Colombia,Abril,104
manpower professional ltda,Colombia,Abril,101
manpower professional ltda,Colombia,Abril,99
jerónimo martins colombia sas,Colombia,Abril,97
bairesdev,Colombia,Abril,94
manpower professional ltda,Colombia,Abril,93
contrate sa,Colombia,Enero,14
asertempo colombia s.a,Colombia,Enero,12
prosegur gestion de activos colombia sas,Colombia,Enero,11
servimos ltda,Colombia,Enero,11
asertempo colombia s.a,Colombia,Enero,10
summar temporales sas,Colombia,Enero,10
trabajadores temporales s.a.s.,Colombia,Enero,10
alianza temporal s.a.s,Colombia,Enero,9
crezcamos s.a.,Colombia,Enero,9
servicios y asesorias,Colombia,Enero,9
alianza temporal s.a.s,Colombia,Enero,8
persom s.a.s,Colombia,Enero,8
t-employ sas,Colombia,Enero,8
colombiana de comercio corbeta s.a. /alkosto,Colombia,Enero,7
exela servicios temporales s.a,Colombia,Enero,7
exela servicios temporales s.a,Colombia,Enero,7
futesa s.a.,Colombia,Enero,7
suministramos recursos humanos temporales sumitemp s.a.s,Colombia,Enero,7
temporales lider de colombia s a,Colombia,Enero,7
tour vacation hoteles azul s.a.s,Colombia,Enero,7
manpower professional ltda,Colombia,Febrero,222
activos s a s,Colombia,Febrero,206
activos s a s,Colombia,Febrero,202
manpower professional ltda,Colombia,Febrero,200
activos s a s,Colombia,Febrero,193
manpower professional ltda,Colombia,Febrero,190
organización servicios y asesorias s.a.s.,Colombia,Febrero,189
organización servicios y asesorias s.a.s.,Colombia,Febrero,179
atento s.a.,Colombia,Febrero,175
mision temporal,Colombia,Febrero,175
eficacia,Colombia,Febrero,171
mision temporal,Colombia,Febrero,167
jobandtalent co s a s,Colombia,Febrero,163
manpower professional ltda,Colombia,Febrero,163
atento s.a.,Colombia,Febrero,162
eficacia,Colombia,Febrero,161
eficacia,Colombia,Febrero,159
organización servicios y asesorias s.a.s.,Colombia,Febrero,155
nexarte servicios temporales s.a,Colombia,Febrero,144
nexarte servicios temporales s.a,Colombia,Febrero,143
manpower professional ltda,Colombia,Julio,98
jobandtalent co s a s,Colombia,Julio,92
bairesdev,Colombia,Julio,83
atento s.a.,Colombia,Julio,77
manpower professional ltda,Colombia,Julio,76
manpower professional ltda,Colombia,Julio,74
manpower professional ltda,Colombia,Julio,73
manpower professional ltda,Colombia,Julio,72
atento s.a.,Colombia,Julio,71
manpower professional ltda,Colombia,Julio,71
activos s a s,Colombia,Julio,70
jobandtalent co s a s,Colombia,Julio,70
manpower professional ltda,Colombia,Julio,70
activos s a s,Colombia,Julio,69
eficacia,Colombia,Julio,68
emtelco cx & bpo,Colombia,Julio,68
bairesdev,Colombia,Julio,67
adecco colombia s.a.,Colombia,Julio,64
eficacia,Colombia,Julio,64
activos s a s,Colombia,Julio,62
bairesdev,Colombia,Junio,129
manpower professional ltda,Colombia,Junio,83
bairesdev,Colombia,Junio,77
manpower professional ltda,Colombia,Junio,77
manpower professional ltda,Colombia,Junio,74
manpower professional ltda,Colombia,Junio,72
manpower professional ltda,Colombia,Junio,72
manpower professional ltda,Colombia,Junio,70
bairesdev,Colombia,Junio,67
eficacia,Colombia,Junio,67
activos s a s,Colombia,Junio,64
activos s a s,Colombia,Junio,63
atento s.a.,Colombia,Junio,63
grupo accion plus,Colombia,Junio,63
activos s a s,Colombia,Junio,61
activos s a s,Colombia,Junio,59
manpower professional ltda,Colombia,Junio,56
activos s a s,Colombia,Junio,53
adecco colombia s.a.,Colombia,Junio,52
eficacia,Colombia,Junio,51
manpower professional ltda,Colombia,Marzo,456
manpower professional ltda,Colombia,Marzo,420
manpower professional ltda,Colombia,Marzo,414
manpower professional ltda,Colombia,Marzo,398
manpower professional ltda,Colombia,Marzo,392
eficacia,Colombia,Marzo,352
eficacia,Colombia,Marzo,343
atento s.a.,Colombia,Marzo,319
eficacia,Colombia,Marzo,316
atento s.a.,Colombia,Marzo,315
atento s.a.,Colombia,Marzo,312
jobandtalent co s a s,Colombia,Marzo,305
eficacia,Colombia,Marzo,301
manpower professional ltda,Colombia,Marzo,301
nexarte servicios temporales s.a,Colombia,Marzo,292
activos s a s,Colombia,Marzo,289
manpower professional ltda,Colombia,Marzo,287
mision temporal,Colombia,Marzo,285
jobandtalent co s a s,Colombia,Marzo,284
eficacia,Colombia,Marzo,278
teleperformance colombia,Colombia,Mayo,126
manpower professional ltda,Colombia,Mayo,101
manpower professional ltda,Colombia,Mayo,87
manpower professional ltda,Colombia,Mayo,78
adecco colombia s.a.,Colombia,Mayo,73
manpower professional ltda,Colombia,Mayo,70
manpower professional ltda,Colombia,Mayo,67
atento s.a.,Colombia,Mayo,65
konecta,Colombia,Mayo,63
teleperformance colombia,Colombia,Mayo,62
jobandtalent co s a s,Colombia,Mayo,61
atento s.a.,Colombia,Mayo,59
manpower professional ltda,Colombia,Mayo,58
manpower professional ltda,Colombia,Mayo,58
manpower professional ltda,Colombia,Mayo,58
activos s a s,Colombia,Mayo,57
teleperformance colombia,Colombia,Mayo,55
teleperformance colombia,Colombia,Mayo,53
teleperformance colombia,Colombia,Mayo,51
teleperformance colombia,Colombia,Mayo,51
manpower costa rica,Costa Rica,Abril,10
manpower costa rica,Costa Rica,Abril,9
walmart,Costa Rica,Abril,8
walmart,Costa Rica,Abril,8
asembis,Costa Rica,Abril,6
walmart,Costa Rica,Abril,6
walmart,Costa Rica,Abril,6
walmart,Costa Rica,Abril,5
walmart,Costa Rica,Abril,5
walmart,Costa Rica,Abril,5
gsp corp,Costa Rica,Abril,4
manpower costa rica,Costa Rica,Abril,4
manpower costa rica,Costa Rica,Abril,4
asembis,Costa Rica,Abril,3
bairesdev sa,Costa Rica,Abril,3
manpower costa rica,Costa Rica,Abril,3
manpower costa rica,Costa Rica,Abril,3
manpower costa rica,Costa Rica,Abril,3
manpower costa rica,Costa Rica,Abril,3
walmart,Costa Rica,Abril,3
asembis,Costa Rica,Enero,5
bairesdev sa,Costa Rica,Enero,3
blue medical,Costa Rica,Enero,3
decomar s.a,Costa Rica,Enero,3
"gas tomza de costa rica s,a",Costa Rica,Enero,3
mesa,Costa Rica,Enero,3
multiservicios jireh mng sa,Costa Rica,Enero,3
panaplast,Costa Rica,Enero,3
panaplast,Costa Rica,Enero,3
comercial argri del oeste s.a.,Costa Rica,Enero,3
academia de admisiòn cr,Costa Rica,Enero,2
"aceros de monolit, s.a.",Costa Rica,Enero,2
asociacion gs uno costa rica,Costa Rica,Enero,2
"cn global arcadia, s.l",Costa Rica,Enero,2
comedores industriales del norte s.a.,Costa Rica,Enero,2
distribuidora de papeles vadi s.a,Costa Rica,Enero,2
dulër,Costa Rica,Enero,2
fnt sa soluciones empresariales,Costa Rica,Enero,2
fromada costa rica fmd s.a,Costa Rica,Enero,2
fuentes de empleo sociedad anonima,Costa Rica,Enero,2
walmart,Costa Rica,Febrero,30
manpower costa rica,Costa Rica,Febrero,23
manpower costa rica,Costa Rica,Febrero,23
walmart,Costa Rica,Febrero,23
manpower costa rica,Costa Rica,Febrero,22
manpower costa rica,Costa Rica,Febrero,19
manpower costa rica,Costa Rica,Febrero,18
job solutions,Costa Rica,Febrero,17
walmart,Costa Rica,Febrero,17
walmart,Costa Rica,Febrero,16
asembis,Costa Rica,Febrero,15
job solutions,Costa Rica,Febrero,14
job solutions,Costa Rica,Febrero,13
walmart,Costa Rica,Febrero,11
an global,Costa Rica,Febrero,8
ingeniero consultores roca sociedad anonima,Costa Rica,Febrero,8
sodexo costa rica,Costa Rica,Febrero,7
asembis,Costa Rica,Febrero,6
asembis,Costa Rica,Febrero,6
ferromax s.a.,Costa Rica,Febrero,6
walmart,Costa Rica,Julio,7
importante empresa del sector,Costa Rica,Julio,6
walmart,Costa Rica,Julio,6
asembis,Costa Rica,Julio,5
walmart,Costa Rica,Julio,5
walmart,Costa Rica,Julio,5
asembis,Costa Rica,Julio,4
manpower costa rica,Costa Rica,Julio,4
walmart,Costa Rica,Julio,4
walmart,Costa Rica,Julio,4
bairesdev sa,Costa Rica,Julio,3
corporación ilg internacional sociedad anonima,Costa Rica,Julio,3
ingeniero consultores roca sociedad anonima,Costa Rica,Julio,3
walmart,Costa Rica,Julio,3
yes investments limitada,Costa Rica,Julio,3
"arista de costa rica, s. a.",Costa Rica,Julio,2
asembis,Costa Rica,Julio,2
corporacion d,Costa Rica,Julio,2
dist minter s.a.,Costa Rica,Julio,2
empresas berthier ebi de costa rica s.a.,Costa Rica,Julio,2
asembis,Costa Rica,Junio,11
walmart,Costa Rica,Junio,7
walmart,Costa Rica,Junio,6
walmart,Costa Rica,Junio,6
ferromax s.a.,Costa Rica,Junio,5
kleeglobal,Costa Rica,Junio,5
walmart,Costa Rica,Junio,5
walmart,Costa Rica,Junio,5
kleeglobal,Costa Rica,Junio,4
people working corp. costa rica,Costa Rica,Junio,4
walmart,Costa Rica,Junio,4
asembis,Costa Rica,Junio,3
bairesdev sa,Costa Rica,Junio,3
empresas berthier ebi de costa rica s.a.,Costa Rica,Junio,3
manpower costa rica,Costa Rica,Junio,3
manpower costa rica,Costa Rica,Junio,3
manpower costa rica,Costa Rica,Junio,3
manpower costa rica,Costa Rica,Junio,3
manpower costa rica,Costa Rica,Junio,3
manpower costa rica,Costa Rica,Junio,3
walmart,Costa Rica,Marzo,21
walmart,Costa Rica,Marzo,17
manpower costa rica,Costa Rica,Marzo,15
manpower costa rica,Costa Rica,Marzo,12
walmart,Costa Rica,Marzo,12
manpower costa rica,Costa Rica,Marzo,11
walmart,Costa Rica,Marzo,11
walmart,Costa Rica,Marzo,10
walmart,Costa Rica,Marzo,10
job solutions,Costa Rica,Marzo,9
job solutions,Costa Rica,Marzo,9
manpower costa rica,Costa Rica,Marzo,9
manpower costa rica,Costa Rica,Marzo,9
walmart,Costa Rica,Marzo,9
walmart,Costa Rica,Marzo,9
manpower costa rica,Costa Rica,Marzo,7
equest llc,Costa Rica,Marzo,6
job solutions,Costa Rica,Marzo,6
accenture,Costa Rica,Marzo,5
job solutions,Costa Rica,Marzo,5
walmart,Costa Rica,Mayo,8
walmart,Costa Rica,Mayo,7
walmart,Costa Rica,Mayo,5
walmart,Costa Rica,Mayo,5
asembis,Costa Rica,Mayo,4
asembis,Costa Rica,Mayo,4
manpower costa rica,Costa Rica,Mayo,4
walmart,Costa Rica,Mayo,4
asembis,Costa Rica,Mayo,3
asembis,Costa Rica,Mayo,3
corporacion d,Costa Rica,Mayo,3
geos telecom s.a,Costa Rica,Mayo,3
interamerican assist costa rica s.a,Costa Rica,Mayo,3
mihost.com,Costa Rica,Mayo,3
manpower costa rica,Costa Rica,Mayo,3
"perfiles tecnológicos, s. a.",Costa Rica,Mayo,3
"perfiles tecnológicos, s. a.",Costa Rica,Mayo,3
sodexo costa rica,Costa Rica,Mayo,3
"upsi seguridad, s.a.",Costa Rica,Mayo,3
walmart,Costa Rica,Mayo,3
bairesdev sa,Rep. Dominicana,Abril,97
d&c consulting,Rep. Dominicana,Abril,8
"agencia de empleo ""orion""",Rep. Dominicana,Abril,5
"agencia de empleo ""orion""",Rep. Dominicana,Abril,2
rhasesorate,Rep. Dominicana,Abril,2
d&c consulting,Rep. Dominicana,Abril,1
d&c consulting,Rep. Dominicana,Abril,1
d&c consulting,Rep. Dominicana,Abril,1
datanalitica,Rep. Dominicana,Abril,1
focus investigación de mercados,Rep. Dominicana,Abril,1
hospifar,Rep. Dominicana,Abril,1
human talent builders,Rep. Dominicana,Abril,1
human talent builders,Rep. Dominicana,Abril,1
intergrupo dominicana s.r.l,Rep. Dominicana,Abril,1
intergrupo dominicana s.r.l,Rep. Dominicana,Abril,1
intergrupo dominicana s.r.l,Rep. Dominicana,Abril,1
l&t enterprice,Rep. Dominicana,Abril,1
"lg consultores guatemala , s.a.",Rep. Dominicana,Abril,1
maninsa,Rep. Dominicana,Abril,1
packsol srl,Rep. Dominicana,Abril,1
redvolution,Rep. Dominicana,Enero,22
"agencia de empleo ""orion""",Rep. Dominicana,Enero,9
redvolution latam republica dominicana,Rep. Dominicana,Enero,6
bepensa dominicana,Rep. Dominicana,Enero,5
redvolution latam republica dominicana,Rep. Dominicana,Enero,4
"agencia de empleo ""orion""",Rep. Dominicana,Enero,3
"agencia de empleo ""orion""",Rep. Dominicana,Enero,3
conduent,Rep. Dominicana,Enero,3
conduent,Rep. Dominicana,Enero,3
grupo pagés,Rep. Dominicana,Enero,3
human talent builders,Rep. Dominicana,Enero,3
l&t enterprice,Rep. Dominicana,Enero,3
"mr industrias, srl",Rep. Dominicana,Enero,3
aeremyn,Rep. Dominicana,Enero,2
"agencia de empleo ""orion""",Rep. Dominicana,Enero,2
cn global arcadia s.l.,Rep. Dominicana,Enero,2
conduent,Rep. Dominicana,Enero,2
conduent,Rep. Dominicana,Enero,2
flbetances,Rep. Dominicana,Enero,2
lion bridge capital,Rep. Dominicana,Enero,2
bairesdev sa,Rep. Dominicana,Febrero,75
"gerencia dominicana, srl. - santiago, rep. dom.",Rep. Dominicana,Febrero,16
bairesdev sa,Rep. Dominicana,Febrero,8
"agencia de empleo ""orion""",Rep. Dominicana,Febrero,6
bairesdev sa,Rep. Dominicana,Febrero,6
cce consultora,Rep. Dominicana,Febrero,6
"agencia de empleo ""orion""",Rep. Dominicana,Febrero,3
"agencia de empleo ""orion""",Rep. Dominicana,Febrero,3
"gerencia dominicana, srl. - santiago, rep. dom.",Rep. Dominicana,Febrero,3
redvolution latam republica dominicana,Rep. Dominicana,Febrero,3
medio ambiente & industrias rodriguez,Rep. Dominicana,Febrero,3
"agencia de empleo ""orion""",Rep. Dominicana,Febrero,2
"agencia de empleo ""orion""",Rep. Dominicana,Febrero,2
cce consultora,Rep. Dominicana,Febrero,2
clínica dominicana s. a.,Rep. Dominicana,Febrero,2
hunter del caribe,Rep. Dominicana,Febrero,2
loto real del cibao,Rep. Dominicana,Febrero,2
metaconxept,Rep. Dominicana,Febrero,2
penagos group,Rep. Dominicana,Febrero,2
rhasesorate,Rep. Dominicana,Febrero,2
bairesdev sa,Rep. Dominicana,Julio,69
bairesdev sa,Rep. Dominicana,Julio,40
"agencia de empleo ""orion""",Rep. Dominicana,Julio,9
"agencia de empleo ""orion""",Rep. Dominicana,Julio,7
"agencia de empleo ""orion""",Rep. Dominicana,Julio,4
"agencia de empleo ""orion""",Rep. Dominicana,Julio,4
"gerencia dominicana, srl. - santiago, rep. dom.",Rep. Dominicana,Julio,4
"agencia de empleo ""orion""",Rep. Dominicana,Julio,3
"gerencia dominicana, srl. - santiago, rep. dom.",Rep. Dominicana,Julio,3
laagencia,Rep. Dominicana,Julio,3
"agencia de empleo ""orion""",Rep. Dominicana,Julio,2
"agencia de empleo ""orion""",Rep. Dominicana,Julio,2
"agencia de empleo ""orion""",Rep. Dominicana,Julio,2
"agencia de empleo ""orion""",Rep. Dominicana,Julio,2
bricktown holding srl,Rep. Dominicana,Julio,2
"centro medico salud integral, cemesin s.r.l",Rep. Dominicana,Julio,2
conduent,Rep. Dominicana,Julio,2
conduent,Rep. Dominicana,Julio,2
d&c consulting,Rep. Dominicana,Julio,2
"gerencia dominicana, srl. - santiago, rep. dom.",Rep. Dominicana,Julio,2
bairesdev sa,Rep. Dominicana,Junio,68
bairesdev sa,Rep. Dominicana,Junio,57
bairesdev sa,Rep. Dominicana,Junio,39
bairesdev sa,Rep. Dominicana,Junio,36
bairesdev sa,Rep. Dominicana,Junio,18
"agencia de empleo ""orion""",Rep. Dominicana,Junio,9
d&c consulting,Rep. Dominicana,Junio,8
hunter del caribe,Rep. Dominicana,Junio,7
"agencia de empleo ""orion""",Rep. Dominicana,Junio,6
"agencia de empleo ""orion""",Rep. Dominicana,Junio,6
"agencia de empleo ""orion""",Rep. Dominicana,Junio,5
"gerencia dominicana, srl. - santiago, rep. dom.",Rep. Dominicana,Junio,5
"agencia de empleo ""orion""",Rep. Dominicana,Junio,4
a&h industrial s.r.l.,Rep. Dominicana,Junio,3
"centro medico salud integral, cemesin s.r.l",Rep. Dominicana,Junio,3
mercointer srl,Rep. Dominicana,Junio,3
"agencia de empleo ""orion""",Rep. Dominicana,Junio,2
d&c consulting,Rep. Dominicana,Junio,2
felesa,Rep. Dominicana,Junio,2
flbetances,Rep. Dominicana,Junio,2
bairesdev sa,Rep. Dominicana,Marzo,37
bairesdev sa,Rep. Dominicana,Marzo,21
"agencia de empleo ""orion""",Rep. Dominicana,Marzo,6
bairesdev sa,Rep. Dominicana,Marzo,5
"agencia de empleo ""orion""",Rep. Dominicana,Marzo,4
intergrupo dominicana s.r.l,Rep. Dominicana,Marzo,4
"agencia de empleo ""orion""",Rep. Dominicana,Marzo,3
redvolution,Rep. Dominicana,Marzo,3
rh cimax,Rep. Dominicana,Marzo,3
all home inmobiliaria,Rep. Dominicana,Marzo,2
"gerencia dominicana, srl. - santiago, rep. dom.",Rep. Dominicana,Marzo,2
grupo michel,Rep. Dominicana,Marzo,2
redvolution,Rep. Dominicana,Marzo,2
rhasesorate,Rep. Dominicana,Marzo,2
a&h industrial s.r.l.,Rep. Dominicana,Marzo,1
all home inmobiliaria,Rep. Dominicana,Marzo,1
all home inmobiliaria,Rep. Dominicana,Marzo,1
acquafil solutions,Rep. Dominicana,Marzo,1
"agencia de empleo ""orion""",Rep. Dominicana,Marzo,1
alterna asesores y consultores eléctricos,Rep. Dominicana,Marzo,1
bairesdev sa,Rep. Dominicana,Mayo,73
bairesdev sa,Rep. Dominicana,Mayo,44
h4s dominicana,Rep. Dominicana,Mayo,7
flbetances,Rep. Dominicana,Mayo,3
gurusoft,Rep. Dominicana,Mayo,3
d&c consulting,Rep. Dominicana,Mayo,2
datanalitica,Rep. Dominicana,Mayo,2
focus investigación de mercados,Rep. Dominicana,Mayo,2
"panaderia y reposteria 100 %, c. por a.",Rep. Dominicana,Mayo,2
redvolution latam republica dominicana,Rep. Dominicana,Mayo,2
rhasesorate,Rep. Dominicana,Mayo,2
rhasesorate,Rep. Dominicana,Mayo,2
rhasesorate,Rep. Dominicana,Mayo,2
"agroveterinaria mexico, c por a",Rep. Dominicana,Mayo,1
air century,Rep. Dominicana,Mayo,1
"centro medico salud integral, cemesin s.r.l",Rep. Dominicana,Mayo,1
"centro medico salud integral, cemesin s.r.l",Rep. Dominicana,Mayo,1
"centro medico salud integral, cemesin s.r.l",Rep. Dominicana,Mayo,1
grupo cyn,Rep. Dominicana,Mayo,1
human talent builders,Rep. Dominicana,Mayo,1
bairesdev sa,Ecuador,Abril,5
inmanresa,Ecuador,Abril,5
segumar sci s a,Ecuador,Abril,5
saroquis,Ecuador,Abril,4
solutionplus s.a.,Ecuador,Abril,4
ultrasistemas cía. ltda.,Ecuador,Abril,4
velark arquitectura textil,Ecuador,Abril,4
"intempre, s.a",Ecuador,Abril,4
data360,Ecuador,Abril,3
estrategias & mercado s.a.,Ecuador,Abril,3
metrored,Ecuador,Abril,3
productos & servicios industriales proindserv cia ltda,Ecuador,Abril,3
ultrasistemas cía. ltda.,Ecuador,Abril,3
wanqara,Ecuador,Abril,3
ama américa s.a. empresa de seguros,Ecuador,Abril,2
agrosoft s.a.,Ecuador,Abril,2
buscharter s.a.,Ecuador,Abril,2
estrategias & mercado s.a.,Ecuador,Abril,2
estrategias & mercado s.a.,Ecuador,Abril,2
fundación educacional alberto einstein,Ecuador,Abril,2
bairesdev sa,Ecuador,Enero,5
prodigytrading s.a,Ecuador,Enero,5
webcreek,Ecuador,Enero,5
corporacion de desarrollo empresarial y proyectos(codepro),Ecuador,Enero,4
empresa hotelera cuenca,Ecuador,Enero,4
fovisp cia. ltda.,Ecuador,Enero,4
"gestar s.a., soluciones integrales administrativas",Ecuador,Enero,4
gourmet food service,Ecuador,Enero,4
hsb softecuador,Ecuador,Enero,4
hydraulic automation s.a.,Ecuador,Enero,4
innocv solutions sl,Ecuador,Enero,4
ierm,Ecuador,Enero,4
ingerieria y diseño electronico,Ecuador,Enero,4
next vision s.a.,Ecuador,Enero,4
oil services panama,Ecuador,Enero,4
palcare ecuador | atención domiciliaria y cuidados paliativos,Ecuador,Enero,4
blenastor c.a,Ecuador,Enero,3
comisersa,Ecuador,Enero,3
"centro de capacitación continua ""praxis""",Ecuador,Enero,3
compumaib.cia.ltda.,Ecuador,Enero,3
estrategias & mercado s.a.,Ecuador,Febrero,19
estrategias & mercado s.a.,Ecuador,Febrero,18
estrategias & mercado s.a.,Ecuador,Febrero,13
estrategias & mercado s.a.,Ecuador,Febrero,11
estrategias & mercado s.a.,Ecuador,Febrero,9
performia,Ecuador,Febrero,9
ecuagolosinas,Ecuador,Febrero,8
italimentos cía. ltda.,Ecuador,Febrero,7
italimentos cía. ltda.,Ecuador,Febrero,7
ecuagolosinas,Ecuador,Febrero,6
headhunting consultores,Ecuador,Febrero,6
fullcarga multinacional de transacciones electrónicas,Ecuador,Febrero,5
italimentos cía. ltda.,Ecuador,Febrero,5
phytopharma,Ecuador,Febrero,5
ainsa s.a,Ecuador,Febrero,4
almacenes montero,Ecuador,Febrero,4
andeantrade s.a.,Ecuador,Febrero,4
cpi constructora,Ecuador,Febrero,4
cegacorp,Ecuador,Febrero,4
cetec,Ecuador,Febrero,4
bairesdev sa,Ecuador,Julio,5
wcom,Ecuador,Julio,5
christoph roessner,Ecuador,Julio,4
complehaus s.a.,Ecuador,Julio,4
computadores y equipos,Ecuador,Julio,4
estrategias & mercado s.a.,Ecuador,Julio,4
gestión training,Ecuador,Julio,4
italimentos cía. ltda.,Ecuador,Julio,4
i-route solutions,Ecuador,Julio,4
compumaib.cia.ltda.,Ecuador,Julio,3
estrategias & mercado s.a.,Ecuador,Julio,3
experteam cía. ltda.,Ecuador,Julio,3
industrial papelera ecuatoriana s.a,Ecuador,Julio,3
in. planet,Ecuador,Julio,3
instituto superior  tecnológico manuel lezaeta acharán,Ecuador,Julio,3
intensive english course,Ecuador,Julio,3
isabella butique,Ecuador,Julio,3
mulrosas cia. ltda.,Ecuador,Julio,3
professional contact center y bpo,Ecuador,Julio,3
winter water,Ecuador,Julio,3
bairesdev sa,Ecuador,Junio,5
velark arquitectura textil,Ecuador,Junio,5
webcreek,Ecuador,Junio,5
cooperativa de ahorro y credito educadores primarios del cotopaxi,Ecuador,Junio,4
industrial papelera ecuatoriana s.a,Ecuador,Junio,4
indian motos s. a.,Ecuador,Junio,4
estrategias & mercado s.a.,Ecuador,Junio,3
metrored,Ecuador,Junio,3
naturisa s.a.,Ecuador,Junio,3
panificadora ambato panambato cia. ltda,Ecuador,Junio,3
partescat,Ecuador,Junio,3
ultrasistemas cía. ltda.,Ecuador,Junio,3
winter water,Ecuador,Junio,3
ama américa s.a. empresa de seguros,Ecuador,Junio,2
asiservy s.a.,Ecuador,Junio,2
agua linda superior s.a,Ecuador,Junio,2
assel cia. ltda.,Ecuador,Junio,2
bluechip s.a,Ecuador,Junio,2
challenger industrial,Ecuador,Junio,2
colfashion cia.ltda.,Ecuador,Junio,2
estrategias & mercado s.a.,Ecuador,Marzo,6
estrategias & mercado s.a.,Ecuador,Marzo,6
bairesdev sa,Ecuador,Marzo,5
estrategias & mercado s.a.,Ecuador,Marzo,5
gbs global business solutions,Ecuador,Marzo,5
inmanresa,Ecuador,Marzo,5
segumar sci s a,Ecuador,Marzo,5
estrategias & mercado s.a.,Ecuador,Marzo,4
glovo,Ecuador,Marzo,4
importadora immaka,Ecuador,Marzo,4
maribelland 1,Ecuador,Marzo,4
businessware cía. ltda.,Ecuador,Marzo,3
consejo noruego para refugiados,Ecuador,Marzo,3
cooperativa jep,Ecuador,Marzo,3
cooperativa jep,Ecuador,Marzo,3
corporación kaizen s.a.,Ecuador,Marzo,3
el horno,Ecuador,Marzo,3
emaa,Ecuador,Marzo,3
estrategias & mercado s.a.,Ecuador,Marzo,3
haussmann consulting,Ecuador,Marzo,3
estrategias & mercado s.a.,Ecuador,Mayo,7
inmanresa,Ecuador,Mayo,5
acosta & asociados,Ecuador,Mayo,4
estrategias & mercado s.a.,Ecuador,Mayo,4
estrategias & mercado s.a.,Ecuador,Mayo,4
haussmann consulting,Ecuador,Mayo,4
cooperativa de ahorro y credito educadores primarios del cotopaxi,Ecuador,Mayo,3
corporación kaizen s.a.,Ecuador,Mayo,3
estrategias & mercado s.a.,Ecuador,Mayo,3
"gestar s.a., soluciones integrales administrativas",Ecuador,Mayo,3
oxigenos del guayas oxiguayas s.a.,Ecuador,Mayo,3
ultrasistemas cía. ltda.,Ecuador,Mayo,3
compromarcas,Ecuador,Mayo,2
consejo noruego para refugiados,Ecuador,Mayo,2
cacie optical s.a.,Ecuador,Mayo,2
codgraf s.a.,Ecuador,Mayo,2
corporación kaizen s.a.,Ecuador,Mayo,2
encitu s.a,Ecuador,Mayo,2
estrategias & mercado s.a.,Ecuador,Mayo,2
estrategias & mercado s.a.,Ecuador,Mayo,2
centracom,Guatemala,Abril,25
banco de los trabajadores,Guatemala,Abril,17
banco azteca de guatemala,Guatemala,Abril,15
banco de los trabajadores,Guatemala,Abril,11
banco de los trabajadores,Guatemala,Abril,11
"administradora centroamericana de talentos, sociedad anonima",Guatemala,Abril,9
banco azteca de guatemala,Guatemala,Abril,9
global people,Guatemala,Abril,9
banco de los trabajadores,Guatemala,Abril,8
banco azteca de guatemala,Guatemala,Abril,8
banco g&t continental,Guatemala,Abril,8
asesoría en reclutamiento & selección,Guatemala,Abril,7
banco azteca de guatemala,Guatemala,Abril,7
grupo sermesa,Guatemala,Abril,7
grupo sermesa,Guatemala,Abril,7
professional staff latinoamerica,Guatemala,Abril,7
reclutamiento naranja,Guatemala,Abril,7
soluciona rh,Guatemala,Abril,7
banco azteca de guatemala,Guatemala,Abril,6
centracom,Guatemala,Abril,6
bmc jobs,Guatemala,Enero,11
transforma,Guatemala,Enero,6
bmc jobs,Guatemala,Enero,5
employ one,Guatemala,Enero,5
jumay,Guatemala,Enero,5
serh,Guatemala,Enero,5
asesoria sae recursos humanos,Guatemala,Enero,4
apoyo integral guatemala,Guatemala,Enero,4
"cobproyect lg, s.a.",Guatemala,Enero,4
gta,Guatemala,Enero,4
hotel hilton guatemala,Guatemala,Enero,4
incorpora,Guatemala,Enero,4
"administradora de servicios generales guatemala, s.a.",Guatemala,Enero,3
agro importaciones,Guatemala,Enero,3
alicia pacheco,Guatemala,Enero,3
alicia pacheco,Guatemala,Enero,3
asociación educativa elim / colegio cristiano elim,Guatemala,Enero,3
cirh,Guatemala,Enero,3
centurion security.,Guatemala,Enero,3
"compañía de investigación, protección y seguridad",Guatemala,Enero,3
banco azteca de guatemala,Guatemala,Febrero,60
"administradora centroamericana de talentos, sociedad anonima",Guatemala,Febrero,53
bmc jobs,Guatemala,Febrero,43
reclutamiento naranja,Guatemala,Febrero,35
"administradora centroamericana de talentos, sociedad anonima",Guatemala,Febrero,33
"administradora centroamericana de talentos, sociedad anonima",Guatemala,Febrero,29
"talento centroamerica,s,a.",Guatemala,Febrero,29
bmc jobs,Guatemala,Febrero,28
identity/ people,Guatemala,Febrero,28
bmc jobs,Guatemala,Febrero,27
banco azteca de guatemala,Guatemala,Febrero,26
centracom,Guatemala,Febrero,26
banco azteca de guatemala,Guatemala,Febrero,25
global people,Guatemala,Febrero,25
bmc jobs,Guatemala,Febrero,24
identity/ people,Guatemala,Febrero,23
"talento centroamerica,s,a.",Guatemala,Febrero,23
"rhcorp, s.a.",Guatemala,Febrero,22
banco de los trabajadores,Guatemala,Febrero,21
"manpower, s.a.",Guatemala,Febrero,21
centros hospitalarios la paz,Guatemala,Julio,16
centracom,Guatemala,Julio,13
centros hospitalarios la paz,Guatemala,Julio,13
importante empresa del sector,Guatemala,Julio,12
importante empresa del sector,Guatemala,Julio,12
importante empresa del sector,Guatemala,Julio,12
serh,Guatemala,Julio,10
bmc jobs,Guatemala,Julio,9
importante empresa del sector,Guatemala,Julio,9
banco azteca de guatemala,Guatemala,Julio,8
".compartamos, s.a.",Guatemala,Julio,7
bmc jobs,Guatemala,Julio,7
importante empresa del sector,Guatemala,Julio,7
soluciona rh,Guatemala,Julio,7
"visionfund guatemala, s.a.",Guatemala,Julio,7
alutech,Guatemala,Julio,6
bmc jobs,Guatemala,Julio,6
distribuidora galaxy,Guatemala,Julio,6
serh,Guatemala,Julio,6
".compartamos, s.a.",Guatemala,Julio,5
centracom,Guatemala,Junio,11
centros hospitalarios la paz,Guatemala,Junio,11
"administradora centroamericana de talentos, sociedad anonima",Guatemala,Junio,9
centros hospitalarios la paz,Guatemala,Junio,9
"administradora de servicios generales guatemala, s.a.",Guatemala,Junio,8
apoyo integral guatemala,Guatemala,Junio,8
banco de los trabajadores,Guatemala,Junio,8
banco de los trabajadores,Guatemala,Junio,6
banco azteca de guatemala,Guatemala,Junio,6
ferromax,Guatemala,Junio,6
worken,Guatemala,Junio,6
".compartamos, s.a.",Guatemala,Junio,5
"lazos de america, s.a.",Guatemala,Junio,5
olmeca,Guatemala,Junio,5
"productos de hierro, sociedad anonima",Guatemala,Junio,5
worken,Guatemala,Junio,5
".compartamos, s.a.",Guatemala,Junio,4
".compartamos, s.a.",Guatemala,Junio,4
"administradora centroamericana de talentos, sociedad anonima",Guatemala,Junio,4
agencia de empleo servi contactos,Guatemala,Junio,4
banco de los trabajadores,Guatemala,Marzo,37
"administradora centroamericana de talentos, sociedad anonima",Guatemala,Marzo,29
banco azteca de guatemala,Guatemala,Marzo,29
worken,Guatemala,Marzo,29
bmc jobs,Guatemala,Marzo,27
banco azteca de guatemala,Guatemala,Marzo,26
centracom,Guatemala,Marzo,19
banco de los trabajadores,Guatemala,Marzo,17
identity/ people,Guatemala,Marzo,17
"manpower, s.a.",Guatemala,Marzo,17
"talento centroamerica,s,a.",Guatemala,Marzo,17
banco de los trabajadores,Guatemala,Marzo,15
"rhcorp, s.a.",Guatemala,Marzo,15
"talento centroamerica,s,a.",Guatemala,Marzo,15
banco de los trabajadores,Guatemala,Marzo,14
banco azteca de guatemala,Guatemala,Marzo,14
grupo sermesa,Guatemala,Marzo,14
"manpower, s.a.",Guatemala,Marzo,14
banco de los trabajadores,Guatemala,Marzo,13
banco promerica,Guatemala,Marzo,13
centracom,Guatemala,Mayo,15
centros hospitalarios la paz,Guatemala,Mayo,15
banco de los trabajadores,Guatemala,Mayo,11
banco de los trabajadores,Guatemala,Mayo,9
"pop management, sociedad anonima",Guatemala,Mayo,9
banco de los trabajadores,Guatemala,Mayo,8
centros hospitalarios la paz,Guatemala,Mayo,8
banco de los trabajadores,Guatemala,Mayo,7
macoris s.a.,Guatemala,Mayo,7
"administradora centroamericana de talentos, sociedad anonima",Guatemala,Mayo,6
"administradora centroamericana de talentos, sociedad anonima",Guatemala,Mayo,6
banco de los trabajadores,Guatemala,Mayo,6
banco azteca de guatemala,Guatemala,Mayo,6
bmc jobs,Guatemala,Mayo,6
centros hospitalarios la paz,Guatemala,Mayo,6
tigo,Guatemala,Mayo,6
"administradora centroamericana de talentos, sociedad anonima",Guatemala,Mayo,5
"administradora centroamericana de talentos, sociedad anonima",Guatemala,Mayo,5
"administradora de servicios generales guatemala, s.a.",Guatemala,Mayo,5
banco de los trabajadores,Guatemala,Mayo,5
agencia de empleo privada j y c,Honduras,Abril,13
bairesdev sa,Honduras,Abril,10
bairesdev sa,Honduras,Abril,10
bairesdev sa,Honduras,Abril,10
bairesdev sa,Honduras,Abril,10
bairesdev sa,Honduras,Abril,10
tecnologia y servicios multiples,Honduras,Abril,9
grupo farinter,Honduras,Abril,8
agencia de empleo privada j y c,Honduras,Abril,5
ficasa,Honduras,Abril,5
aldeas infantiles sos honduras,Honduras,Abril,4
droguería proconsumo s.a. de c.v.,Honduras,Abril,4
manpower professional,Honduras,Abril,4
caderh,Honduras,Abril,3
"cek de honduras, s.a de c.v",Honduras,Abril,3
lg consultores guatemala s.a.,Honduras,Abril,3
proval,Honduras,Abril,3
".grupo especializado de asistencia, s.a. de c.v.",Honduras,Abril,2
agencia de empleo privada j y c,Honduras,Abril,2
banco de desarrollo rural honduras s.a,Honduras,Abril,2
calaham group,Honduras,Enero,13
calaham group,Honduras,Enero,8
mundo laboral,Honduras,Enero,6
banco popular,Honduras,Enero,5
emco corporación,Honduras,Enero,5
inversiones palo alto,Honduras,Enero,5
rendillantas,Honduras,Enero,5
sumitec,Honduras,Enero,5
fabrica especias don julio s de rl,Honduras,Enero,4
global people,Honduras,Enero,4
"soluciones empresariales, s. de r. l.",Honduras,Enero,4
zared joyeros/ corporacion bm,Honduras,Enero,4
aldeas infantiles sos honduras,Honduras,Enero,3
cooperativa mixta lempira sur ltda,Honduras,Enero,3
comercializadora ekt,Honduras,Enero,3
global travel marketing s.a de c.v,Honduras,Enero,3
"godca, s.a.",Honduras,Enero,3
grupo invercro,Honduras,Enero,3
industrias mkd s.a. de c.v.,Honduras,Enero,3
inversiones palo alto,Honduras,Enero,3
bairesdev sa,Honduras,Febrero,37
grupo farsiman,Honduras,Febrero,19
grupo farsiman,Honduras,Febrero,16
banco azteca de honduras s.a,Honduras,Febrero,15
"jetstereo, ultramotor, motomundo, solvenza",Honduras,Febrero,14
"jetstereo, ultramotor, motomundo, solvenza",Honduras,Febrero,13
bairesdev sa,Honduras,Febrero,12
grupo farsiman,Honduras,Febrero,12
manpower professional,Honduras,Febrero,11
manpower professional,Honduras,Febrero,11
fompac disposables,Honduras,Febrero,10
grupo farsiman,Honduras,Febrero,10
bairesdev sa,Honduras,Febrero,9
instituto para el desarrollo hondureño,Honduras,Febrero,9
agencia de empleo privada j y c,Honduras,Febrero,8
grupo financiero ficohsa,Honduras,Febrero,8
"jetstereo, ultramotor, motomundo, solvenza",Honduras,Febrero,8
"several services s. de r.l. (asesoría,preseleccion y colocación)",Honduras,Febrero,8
agencia de empleo privada j y c,Honduras,Febrero,7
manpower professional,Honduras,Febrero,7
bairesdev sa,Honduras,Julio,13
bairesdev sa,Honduras,Julio,12
"outsource, s.a. de c.v.",Honduras,Julio,8
proval,Honduras,Julio,4
agencia de empleo privada j y c,Honduras,Julio,3
bairesdev sa,Honduras,Julio,3
diapa,Honduras,Julio,3
evolutions sa,Honduras,Julio,3
"soluciones empresariales, s. de r. l.",Honduras,Julio,3
agencia de empleo privada j y c,Honduras,Julio,2
agencia de empleo privada j y c,Honduras,Julio,2
agencia de empleo privada j y c,Honduras,Julio,2
alutech,Honduras,Julio,2
beneficio santa rosa s.a de c.v,Honduras,Julio,2
cisolution,Honduras,Julio,2
corporacion industrial de sula,Honduras,Julio,2
dichter & neira,Honduras,Julio,2
dinant hn,Honduras,Julio,2
dinant hn,Honduras,Julio,2
droguería proconsumo s.a. de c.v.,Honduras,Julio,2
bairesdev sa,Honduras,Junio,10
bairesdev sa,Honduras,Junio,10
bairesdev sa,Honduras,Junio,10
agencia de empleo privada j y c,Honduras,Junio,7
bairesdev sa,Honduras,Junio,7
bairesdev sa,Honduras,Junio,7
eps plus,Honduras,Junio,7
eyl comercial,Honduras,Junio,7
mundo laboral,Honduras,Junio,6
bairesdev sa,Honduras,Junio,5
calaham group,Honduras,Junio,4
finlay,Honduras,Junio,4
grupo ferromax,Honduras,Junio,4
tecnologia y servicios multiples,Honduras,Junio,4
agencia de empleo privada j y c,Honduras,Junio,3
agencia de empleo privada j y c,Honduras,Junio,3
anduro manufacturing,Honduras,Junio,3
cisolution,Honduras,Junio,3
corporación nacional de empleos s. de r. l,Honduras,Junio,3
corporación nacional de empleos s. de r. l,Honduras,Junio,3
bairesdev sa,Honduras,Marzo,50
manpower professional,Honduras,Marzo,14
bairesdev sa,Honduras,Marzo,8
calaham group,Honduras,Marzo,8
"jetstereo, ultramotor, motomundo, solvenza",Honduras,Marzo,8
"outsource, s.a. de c.v.",Honduras,Marzo,7
"outsource, s.a. de c.v.",Honduras,Marzo,7
"soluciones empresariales, s. de r. l.",Honduras,Marzo,6
fundevi,Honduras,Marzo,5
global outsourcing honduras s.a. de c.v.,Honduras,Marzo,5
"outsource, s.a. de c.v.",Honduras,Marzo,5
agencia de empleo privada j y c,Honduras,Marzo,4
"administradora centroamericana de talentos, s.a",Honduras,Marzo,4
aldeas infantiles sos honduras,Honduras,Marzo,4
banco azteca de honduras s.a,Honduras,Marzo,4
calaham group,Honduras,Marzo,4
calaham group,Honduras,Marzo,4
distribuidora chortys,Honduras,Marzo,4
emco corporación,Honduras,Marzo,4
fompac disposables,Honduras,Marzo,4
bairesdev sa,Honduras,Mayo,22
bairesdev sa,Honduras,Mayo,13
grupo misol,Honduras,Mayo,6
cti s.a. de c.v.,Honduras,Mayo,5
urbanisa,Honduras,Mayo,4
".grupo especializado de asistencia, s.a. de c.v.",Honduras,Mayo,3
adisa,Honduras,Mayo,3
agencia de empleo privada j y c,Honduras,Mayo,3
agencia de empleo privada j y c,Honduras,Mayo,3
dinant hn,Honduras,Mayo,3
droguería proconsumo s.a. de c.v.,Honduras,Mayo,3
filterh,Honduras,Mayo,3
tecnologia y servicios multiples,Honduras,Mayo,3
adisa,Honduras,Mayo,2
agencia de empleo privada j y c,Honduras,Mayo,2
aldeas infantiles sos honduras,Honduras,Mayo,2
alimentos de cortes,Honduras,Mayo,2
asi network,Honduras,Mayo,2
banco de desarrollo rural honduras s.a,Honduras,Mayo,2
bairesdev sa,Honduras,Mayo,2
bairesdev sa,Nicaragua,Abril,97
bairesdev sa,Nicaragua,Abril,45
incasur sl,Nicaragua,Abril,7
"supplying total talent, s.a.",Nicaragua,Abril,4
3jucomercial,Nicaragua,Abril,2
3jucomercial,Nicaragua,Abril,2
arenas nacionales s.a.(ansa),Nicaragua,Abril,2
comunicaciones s.a.,Nicaragua,Abril,2
ferromáx s.a,Nicaragua,Abril,2
ferromáx s.a,Nicaragua,Abril,2
ferromáx s.a,Nicaragua,Abril,2
grupo industrial el granjero,Nicaragua,Abril,2
grupo soluciones empresariales,Nicaragua,Abril,2
sla servicios,Nicaragua,Abril,2
"servicios para el desarrollo, s.a",Nicaragua,Abril,2
3jucomercial,Nicaragua,Abril,1
3jucomercial,Nicaragua,Abril,1
bay network solutions s.a,Nicaragua,Abril,1
"comercializadora de maní, s.a.  comasa",Nicaragua,Abril,1
corporación dinant,Nicaragua,Abril,1
"servicios para el desarrollo, s.a",Nicaragua,Enero,10
casa del café,Nicaragua,Enero,3
opl-pepsi,Nicaragua,Enero,3
outsourcing solutions,Nicaragua,Enero,3
outsourcing solutions,Nicaragua,Enero,3
outsourcing solutions,Nicaragua,Enero,3
stt group de nicaragua,Nicaragua,Enero,3
walmart de mexico y centroamérica,Nicaragua,Enero,3
3jucomercial,Nicaragua,Enero,2
ampm s.a,Nicaragua,Enero,2
anber s.a,Nicaragua,Enero,2
"aliados estratégicos nicaragua, s.a.",Nicaragua,Enero,2
"aliados estratégicos nicaragua, s.a.",Nicaragua,Enero,2
cn global arcadia s.l.,Nicaragua,Enero,2
casa del café,Nicaragua,Enero,2
cisa agro,Nicaragua,Enero,2
clean internacional,Nicaragua,Enero,2
coralsa de nicaragua,Nicaragua,Enero,2
credicompras,Nicaragua,Enero,2
"distribuidora del caribe de nicaragua, s.a.",Nicaragua,Enero,2
bairesdev sa,Nicaragua,Febrero,74
bairesdev sa,Nicaragua,Febrero,4
axxis systems,Nicaragua,Febrero,3
clean internacional,Nicaragua,Febrero,3
"comercializadora de maní, s.a.  comasa",Nicaragua,Febrero,3
credicompras,Nicaragua,Febrero,3
mendez nicaragua sa,Nicaragua,Febrero,3
outsourcing solutions,Nicaragua,Febrero,3
sistemas integrados de seguridad s.a,Nicaragua,Febrero,3
texhong winnitex,Nicaragua,Febrero,3
3jucomercial,Nicaragua,Febrero,2
3jucomercial,Nicaragua,Febrero,2
3jucomercial,Nicaragua,Febrero,2
3jucomercial,Nicaragua,Febrero,2
axxis systems,Nicaragua,Febrero,2
"aliados estratégicos nicaragua, s.a.",Nicaragua,Febrero,2
asoc de padres de fam con hijo,Nicaragua,Febrero,2
bairesdev sa,Nicaragua,Febrero,2
caravela nicaragua,Nicaragua,Febrero,2
ferromáx s.a,Nicaragua,Febrero,2
bairesdev sa,Nicaragua,Julio,69
bairesdev sa,Nicaragua,Julio,27
bairesdev sa,Nicaragua,Julio,13
bujia creativa,Nicaragua,Julio,3
desarrollo profesional y empresarial (dpesa),Nicaragua,Julio,3
3jucomercial,Nicaragua,Julio,2
clean internacional,Nicaragua,Julio,2
corporación dinant,Nicaragua,Julio,2
credicompras,Nicaragua,Julio,2
dichter y neira,Nicaragua,Julio,2
ideay,Nicaragua,Julio,2
mercon coffe group,Nicaragua,Julio,2
tv offer nicaragua,Nicaragua,Julio,2
3jucomercial,Nicaragua,Julio,1
3jucomercial,Nicaragua,Julio,1
3jucomercial,Nicaragua,Julio,1
3jucomercial,Nicaragua,Julio,1
3jucomercial,Nicaragua,Julio,1
3jucomercial,Nicaragua,Julio,1
axxis systems,Nicaragua,Julio,1
bairesdev sa,Nicaragua,Junio,114
bairesdev sa,Nicaragua,Junio,69
bairesdev sa,Nicaragua,Junio,68
bairesdev sa,Nicaragua,Junio,37
incasur sl,Nicaragua,Junio,7
nestrix corporation,Nicaragua,Junio,5
ferromáx s.a,Nicaragua,Junio,4
ferromáx s.a,Nicaragua,Junio,4
nestrix corporation,Nicaragua,Junio,3
nestrix corporation,Nicaragua,Junio,3
"super farmacia xolotlan s,a",Nicaragua,Junio,3
.nicaragua talento humano,Nicaragua,Junio,2
3jucomercial,Nicaragua,Junio,2
3jucomercial,Nicaragua,Junio,2
3jucomercial,Nicaragua,Junio,2
axxis systems,Nicaragua,Junio,2
clean internacional,Nicaragua,Junio,2
corporación dinant,Nicaragua,Junio,2
grupo de comercializacion mexico,Nicaragua,Junio,2
molina's technology,Nicaragua,Junio,2
bairesdev sa,Nicaragua,Marzo,58
ferromáx s.a,Nicaragua,Marzo,5
celistics,Nicaragua,Marzo,4
ferromáx s.a,Nicaragua,Marzo,3
grupo soluciones empresariales,Nicaragua,Marzo,3
manpower nicaragua,Nicaragua,Marzo,3
mendez nicaragua sa,Nicaragua,Marzo,3
"servicios para el desarrollo, s.a",Nicaragua,Marzo,3
walmart de mexico y centroamérica,Nicaragua,Marzo,3
3jucomercial,Nicaragua,Marzo,2
axxis systems,Nicaragua,Marzo,2
axxis systems,Nicaragua,Marzo,2
clean internacional,Nicaragua,Marzo,2
corporación dinant,Nicaragua,Marzo,2
ferromáx s.a,Nicaragua,Marzo,2
ferromáx s.a,Nicaragua,Marzo,2
globex,Nicaragua,Marzo,2
grupo soluciones empresariales,Nicaragua,Marzo,2
outsourcing solutions,Nicaragua,Marzo,2
texhong winnitex,Nicaragua,Marzo,2
bairesdev sa,Nicaragua,Mayo,111
3jucomercial,Nicaragua,Mayo,3
el puente,Nicaragua,Mayo,3
ferromáx s.a,Nicaragua,Mayo,3
3jucomercial,Nicaragua,Mayo,2
accedo technologies,Nicaragua,Mayo,2
bairesdev sa,Nicaragua,Mayo,2
credicompras,Nicaragua,Mayo,2
credicompras,Nicaragua,Mayo,2
desarrollo profesional y empresarial (dpesa),Nicaragua,Mayo,2
gravita,Nicaragua,Mayo,2
outsourcing solutions,Nicaragua,Mayo,2
3jucomercial,Nicaragua,Mayo,1
3jucomercial,Nicaragua,Mayo,1
3jucomercial,Nicaragua,Mayo,1
albanisa,Nicaragua,Mayo,1
axxis systems,Nicaragua,Mayo,1
"aliados estratégicos nicaragua, s.a.",Nicaragua,Mayo,1
"aliados estratégicos nicaragua, s.a.",Nicaragua,Mayo,1
"aliados estratégicos nicaragua, s.a.",Nicaragua,Mayo,1
asap panamá ship supplier,Panamá,Abril,3
"eulen panamá de servicios, s.a.",Panamá,Abril,3
3tech,Panamá,Abril,2
componentes el orbe,Panamá,Abril,2
corporacion hotelera 2000 s.a.,Panamá,Abril,2
davis human management,Panamá,Abril,2
"eulen panamá de servicios, s.a.",Panamá,Abril,2
"eulen panamá de servicios, s.a.",Panamá,Abril,2
"eulen panamá de servicios, s.a.",Panamá,Abril,2
international brands america s.a,Panamá,Abril,2
rentahouse,Panamá,Abril,2
rentahouse,Panamá,Abril,2
rentahouse,Panamá,Abril,2
rentahouse,Panamá,Abril,2
"alimentos cárnicos de panamá, s.a.",Panamá,Abril,1
alonzoya,Panamá,Abril,1
alonzoya,Panamá,Abril,1
alonzoya,Panamá,Abril,1
"cea servicios, s.a.",Panamá,Abril,1
cajamarca,Panamá,Abril,1
ja recursos,Panamá,Enero,5
conexiones s.a. pty,Panamá,Enero,4
redvolution internacional s. a,Panamá,Enero,4
ai consultores,Panamá,Enero,3
cedi medical panama,Panamá,Enero,3
"constructora pueblo nuevo, s.a.",Panamá,Enero,3
alb panamá,Panamá,Enero,2
american truck parts pty,Panamá,Enero,2
alonzoya,Panamá,Enero,2
anteater mobile payment,Panamá,Enero,2
arango consulting,Panamá,Enero,2
arango consulting,Panamá,Enero,2
asap panamá ship supplier,Panamá,Enero,2
cn global arcadia s.l.,Panamá,Enero,2
davis human management,Panamá,Enero,2
ekspresa,Panamá,Enero,2
gomezlee marketing,Panamá,Enero,2
grupo elektra,Panamá,Enero,2
grupo elektra,Panamá,Enero,2
grupo elektra,Panamá,Enero,2
"eulen panamá de servicios, s.a.",Panamá,Febrero,17
"eulen panamá de servicios, s.a.",Panamá,Febrero,15
"eulen panamá de servicios, s.a.",Panamá,Febrero,9
"eulen panamá de servicios, s.a.",Panamá,Febrero,6
colegio nuestra señora de la paz - panama,Panamá,Febrero,5
"eulen panamá de servicios, s.a.",Panamá,Febrero,5
"eulen panamá de servicios, s.a.",Panamá,Febrero,5
ja recursos,Panamá,Febrero,5
business consulting group,Panamá,Febrero,4
davis human management,Panamá,Febrero,4
"eulen panamá de servicios, s.a.",Panamá,Febrero,4
indico trade,Panamá,Febrero,4
panajobs,Panamá,Febrero,4
"corporacion continental, s.a.",Panamá,Febrero,3
"centro industrial, s.a.",Panamá,Febrero,3
davis human management,Panamá,Febrero,3
grupo elektra,Panamá,Febrero,3
minimed,Panamá,Febrero,3
pact,Panamá,Febrero,3
"tiendas de conveniencia, s.a. itag",Panamá,Febrero,3
componentes el orbe,Panamá,Julio,11
ja recursos,Panamá,Julio,6
soluciones de microfinanzas s.a,Panamá,Julio,4
evolución estrategica consultores,Panamá,Julio,3
soluciones de microfinanzas s.a,Panamá,Julio,3
davis human management,Panamá,Julio,2
grupo r&t panamá,Panamá,Julio,2
infinity medical panama,Panamá,Julio,2
international brands america s.a,Panamá,Julio,2
proyecto staffing,Panamá,Julio,2
quid soluciones,Panamá,Julio,2
rentahouse,Panamá,Julio,2
rentahouse,Panamá,Julio,2
3tech,Panamá,Julio,1
anteater mobile payment,Panamá,Julio,1
asap panamá ship supplier,Panamá,Julio,1
atento panama,Panamá,Julio,1
bg metal trade inc.,Panamá,Julio,1
"centro industrial, s.a.",Panamá,Julio,1
"centro industrial, s.a.",Panamá,Julio,1
"eulen panamá de servicios, s.a.",Panamá,Junio,6
telas el contendor,Panamá,Junio,4
asap panamá ship supplier,Panamá,Junio,3
getecsa panama,Panamá,Junio,3
panajobs,Panamá,Junio,3
"advertising and promotion de panamá, s.a.",Panamá,Junio,2
arango consulting,Panamá,Junio,2
avicola grecia,Panamá,Junio,2
"bp logistics, s.a.",Panamá,Junio,2
degusta panama,Panamá,Junio,2
"empresas darién, s.a",Panamá,Junio,2
"eulen panamá de servicios, s.a.",Panamá,Junio,2
"eulen panamá de servicios, s.a.",Panamá,Junio,2
getecsa panama,Panamá,Junio,2
getecsa panama,Panamá,Junio,2
"grupo saleta, s.a.",Panamá,Junio,2
international brands america s.a,Panamá,Junio,2
liderpymes,Panamá,Junio,2
natural eco clean,Panamá,Junio,2
"pratocorp, s.a.",Panamá,Junio,2
3tech latin america,Panamá,Marzo,5
"advertising and promotion de panamá, s.a.",Panamá,Marzo,4
ja recursos,Panamá,Marzo,4
business consulting group,Panamá,Marzo,3
"eulen panamá de servicios, s.a.",Panamá,Marzo,3
"eulen panamá de servicios, s.a.",Panamá,Marzo,3
"eulen panamá de servicios, s.a.",Panamá,Marzo,3
quid soluciones,Panamá,Marzo,3
"raenco internacional, s.a.",Panamá,Marzo,3
ai consultores,Panamá,Marzo,2
als panamá,Panamá,Marzo,2
be constructor,Panamá,Marzo,2
cajamarca,Panamá,Marzo,2
conexiones s.a. pty,Panamá,Marzo,2
creazioni s.a.,Panamá,Marzo,2
davis human management,Panamá,Marzo,2
encom,Panamá,Marzo,2
"eulen panamá de servicios, s.a.",Panamá,Marzo,2
"eulen panamá de servicios, s.a.",Panamá,Marzo,2
"eulen panamá de servicios, s.a.",Panamá,Marzo,2
getecsa panama,Panamá,Mayo,5
als panamá,Panamá,Mayo,4
"eulen panamá de servicios, s.a.",Panamá,Mayo,4
getecsa panama,Panamá,Mayo,3
"lgb group, s.a",Panamá,Mayo,3
recursos humanos y soluciones estratégicas,Panamá,Mayo,3
arborway,Panamá,Mayo,2
axxis systems,Panamá,Mayo,2
"empresas darién, s.a",Panamá,Mayo,2
ja recursos,Panamá,Mayo,2
rentahouse,Panamá,Mayo,2
rentahouse,Panamá,Mayo,2
rentahouse,Panamá,Mayo,2
retail equipment sa,Panamá,Mayo,2
sodexo panama,Panamá,Mayo,2
urbalia sa,Panamá,Mayo,2
"advertising and promotion de panamá, s.a.",Panamá,Mayo,1
anteater mobile payment,Panamá,Mayo,1
arborway,Panamá,Mayo,1
avicola grecia,Panamá,Mayo,1
manpower,Perú,Abril,93
manpower,Perú,Abril,56
tawa consulting s.a.c.,Perú,Abril,54
adecco perú s.a.,Perú,Abril,52
bairesdev sa,Perú,Abril,50
buró group,Perú,Abril,47
tawa consulting s.a.c.,Perú,Abril,44
buró group,Perú,Abril,43
eulen del perú,Perú,Abril,38
manpower,Perú,Abril,32
overall strategy,Perú,Abril,32
adecco perú s.a.,Perú,Abril,31
inkafarma,Perú,Abril,31
mibanco - banco de la microempresa sa,Perú,Abril,27
sef peru holding sac,Perú,Abril,25
grupo salinas,Perú,Abril,24
manpower,Perú,Abril,24
sinergia sales consulting eirl,Perú,Abril,20
sinergia sales consulting eirl,Perú,Abril,19
cadena de boticas mifarma,Perú,Abril,18
grupo pionier,Perú,Enero,6
casa de reposo san francisco de borja,Perú,Enero,5
cooperativa de ahorro y credito rondesa,Perú,Enero,5
i.e.p. american children high school,Perú,Enero,5
iep las gotitas del saber,Perú,Enero,5
tecniacero s.a.c.,Perú,Enero,5
uo trujillo ii,Perú,Enero,5
biotech laboratorios,Perú,Enero,4
edemsa perú s.a.,Perú,Enero,4
freskos,Perú,Enero,4
hmv ingenieros ltda suc peru,Perú,Enero,4
hostal el ensueño,Perú,Enero,4
iep santiago antunez de mayolo,Perú,Enero,4
loterias del perú sa,Perú,Enero,4
molinorte s.a.c.,Perú,Enero,4
sg tecom sac,Perú,Enero,4
vata catering s.a.c.,Perú,Enero,4
vigarza,Perú,Enero,4
ws business service group s.a.c.,Perú,Enero,4
zilicom investments s.a.,Perú,Enero,4
buró group,Perú,Febrero,194
eulen del perú,Perú,Febrero,187
manpower,Perú,Febrero,185
buró group,Perú,Febrero,155
adecco perú s.a.,Perú,Febrero,154
manpower,Perú,Febrero,154
manpower,Perú,Febrero,151
eulen del perú,Perú,Febrero,146
eulen del perú,Perú,Febrero,140
eulen del perú,Perú,Febrero,140
adecco perú s.a.,Perú,Febrero,126
tawa consulting s.a.c.,Perú,Febrero,126
tawa consulting s.a.c.,Perú,Febrero,116
tawa consulting s.a.c.,Perú,Febrero,114
buró group,Perú,Febrero,110
eulen del perú,Perú,Febrero,107
ng restaurants,Perú,Febrero,106
manpower,Perú,Febrero,105
buró group,Perú,Febrero,96
pae perú s.a.c.,Perú,Febrero,94
importante empresa del sector,Perú,Julio,75
importante empresa del sector,Perú,Julio,72
importante empresa del sector,Perú,Julio,72
eulen del perú,Perú,Julio,71
eulen del perú,Perú,Julio,70
importante empresa del sector,Perú,Julio,61
inkafarma,Perú,Julio,45
eulen del perú,Perú,Julio,42
eulen del perú,Perú,Julio,41
tawa consulting s.a.c.,Perú,Julio,37
manpower,Perú,Julio,35
manpower,Perú,Julio,33
eulen del perú,Perú,Julio,32
manpower,Perú,Julio,31
mdy contact center,Perú,Julio,30
manpower,Perú,Julio,30
tawa consulting s.a.c.,Perú,Julio,29
eulen del perú,Perú,Julio,28
bairesdev sa,Perú,Julio,27
manpower,Perú,Julio,27
eulen del perú,Perú,Junio,61
manpower,Perú,Junio,56
eulen del perú,Perú,Junio,53
eulen del perú,Perú,Junio,52
manpower,Perú,Junio,52
manpower,Perú,Junio,51
bairesdev sa,Perú,Junio,50
eulen del perú,Perú,Junio,50
eulen del perú,Perú,Junio,49
eulen del perú,Perú,Junio,43
eulen del perú,Perú,Junio,41
tawa consulting s.a.c.,Perú,Junio,40
tawa consulting s.a.c.,Perú,Junio,38
inkafarma,Perú,Junio,36
eulen del perú,Perú,Junio,35
inkafarma,Perú,Junio,35
eulen del perú,Perú,Junio,33
manpower,Perú,Junio,32
tawa consulting s.a.c.,Perú,Junio,32
tawa consulting s.a.c.,Perú,Junio,32
manpower,Perú,Marzo,160
adecco perú s.a.,Perú,Marzo,120
buró group,Perú,Marzo,89
eulen del perú,Perú,Marzo,79
tawa consulting s.a.c.,Perú,Marzo,79
manpower,Perú,Marzo,71
atento perú,Perú,Marzo,69
ng restaurants,Perú,Marzo,61
grupo salinas,Perú,Marzo,56
overall strategy,Perú,Marzo,49
tawa consulting s.a.c.,Perú,Marzo,49
eulen del perú,Perú,Marzo,44
soyuz-peru bus,Perú,Marzo,39
pae perú s.a.c.,Perú,Marzo,38
sodexo perú s.a.c.,Perú,Marzo,38
mibanco - banco de la microempresa sa,Perú,Marzo,37
sef peru holding sac,Perú,Marzo,37
sinergia sales consulting eirl,Perú,Marzo,32
delosi,Perú,Marzo,30
mdy contact center,Perú,Marzo,30
manpower,Perú,Mayo,50
eulen del perú,Perú,Mayo,46
eulen del perú,Perú,Mayo,39
manpower,Perú,Mayo,37
eulen del perú,Perú,Mayo,32
manpower,Perú,Mayo,32
eulen del perú,Perú,Mayo,29
tawa consulting s.a.c.,Perú,Mayo,29
cadena de boticas mifarma,Perú,Mayo,28
inkafarma,Perú,Mayo,27
inkafarma,Perú,Mayo,26
adecco perú s.a.,Perú,Mayo,25
manpower,Perú,Mayo,25
sef peru holding sac,Perú,Mayo,25
manpower,Perú,Mayo,22
ap terranova s.r.l.,Perú,Mayo,20
hipermercados tottus,Perú,Mayo,20
adecco perú s.a.,Perú,Mayo,19
adecco perú s.a.,Perú,Mayo,19
adecco perú s.a.,Perú,Mayo,18
bairesdev sa,Paraguay,Abril,96
oktana,Paraguay,Abril,7
oktana,Paraguay,Abril,7
oktana,Paraguay,Abril,6
rhgroup,Paraguay,Abril,2
a v,Paraguay,Abril,1
bairesdev sa,Paraguay,Abril,1
bairesdev sa,Paraguay,Abril,1
casa boller s.a,Paraguay,Abril,1
hupi constructora y incorporadora,Paraguay,Abril,1
lincoln sa,Paraguay,Abril,1
oktana,Paraguay,Abril,1
rhgroup,Paraguay,Abril,1
zavidoro corporations,Paraguay,Abril,1
unigranos sa,Paraguay,Abril,1
cn global arcadia s.l.,Paraguay,Enero,2
hupi constructora y incorporadora,Paraguay,Enero,2
hupi constructora y incorporadora,Paraguay,Enero,2
hupi constructora y incorporadora,Paraguay,Enero,2
andamios y maquinas s. a.,Paraguay,Enero,1
copetrol,Paraguay,Enero,1
concept consultora,Paraguay,Enero,1
inplay sports data,Paraguay,Enero,1
scopic software llc,Paraguay,Enero,1
sprint partners,Paraguay,Enero,1
unigranos sa,Paraguay,Enero,1
unigranos sa,Paraguay,Enero,1
bairesdev sa,Paraguay,Febrero,82
oktana,Paraguay,Febrero,6
bairesdev sa,Paraguay,Febrero,5
oktana,Paraguay,Febrero,5
oktana,Paraguay,Febrero,4
bairesdev sa,Paraguay,Febrero,3
bairesdev sa,Paraguay,Febrero,3
concept consultora,Paraguay,Febrero,2
stt group paraguay s.a.,Paraguay,Febrero,2
a v,Paraguay,Febrero,1
andamios y maquinas s. a.,Paraguay,Febrero,1
compass security,Paraguay,Febrero,1
compass security,Paraguay,Febrero,1
corallo aberturas,Paraguay,Febrero,1
gestsol,Paraguay,Febrero,1
gisela seifart consultora,Paraguay,Febrero,1
hupi constructora y incorporadora,Paraguay,Febrero,1
hupi constructora y incorporadora,Paraguay,Febrero,1
infocasas s.a.,Paraguay,Febrero,1
infocasas s.a.,Paraguay,Febrero,1
bairesdev sa,Paraguay,Julio,69
bairesdev sa,Paraguay,Julio,40
perfecta automotores sa,Paraguay,Julio,3
atlantis anadyomenos i t s l,Paraguay,Julio,2
oppen,Paraguay,Julio,2
perfecta automotores sa,Paraguay,Julio,2
perfecta automotores sa,Paraguay,Julio,2
a v,Paraguay,Julio,1
bairesdev sa,Paraguay,Julio,1
corallo aberturas,Paraguay,Julio,1
gs trading import export s.r.l.,Paraguay,Julio,1
grupo aloben,Paraguay,Julio,1
hupi constructora y incorporadora,Paraguay,Julio,1
icplast srl,Paraguay,Julio,1
infocasas s.a.,Paraguay,Julio,1
lincoln sa,Paraguay,Julio,1
oktana,Paraguay,Julio,1
oportunidades laborales paraguay,Paraguay,Julio,1
paraguay box s.a,Paraguay,Julio,1
regus,Paraguay,Julio,1
bairesdev sa,Paraguay,Junio,113
bairesdev sa,Paraguay,Junio,69
bairesdev sa,Paraguay,Junio,68
bairesdev sa,Paraguay,Junio,37
oktana,Paraguay,Junio,5
fire master,Paraguay,Junio,2
time management,Paraguay,Junio,2
perfecta automotores sa,Paraguay,Junio,2
oktana,Paraguay,Junio,2
gestion consultores,Paraguay,Junio,2
bairesdev sa,Paraguay,Junio,1
perfecta automotores sa,Paraguay,Junio,1
gisela seifart consultora,Paraguay,Junio,1
serlet servicios auxiliares,Paraguay,Junio,1
scopic software llc,Paraguay,Junio,1
casa boller s.a,Paraguay,Junio,1
fire master,Paraguay,Junio,1
bairesdev sa,Paraguay,Marzo,48
bairesdev sa,Paraguay,Marzo,11
grupo jlj empresas,Paraguay,Marzo,4
cem,Paraguay,Marzo,3
oktana,Paraguay,Marzo,3
hupi constructora y incorporadora,Paraguay,Marzo,2
hupi constructora y incorporadora,Paraguay,Marzo,2
oktana,Paraguay,Marzo,2
sic desarrollo,Paraguay,Marzo,2
american airlines inc. suc. paraguay,Paraguay,Marzo,1
american airlines inc. suc. paraguay,Paraguay,Marzo,1
apolo import s.a.,Paraguay,Marzo,1
agencia marítima,Paraguay,Marzo,1
bairesdev sa,Paraguay,Marzo,1
calabrese consultores,Paraguay,Marzo,1
casa boller s.a,Paraguay,Marzo,1
enterprise solutions,Paraguay,Marzo,1
gisela seifart consultora,Paraguay,Marzo,1
hupi constructora y incorporadora,Paraguay,Marzo,1
infocasas s.a.,Paraguay,Marzo,1
bairesdev sa,Paraguay,Mayo,113
oktana,Paraguay,Mayo,3
fire master,Paraguay,Mayo,3
casa boller s.a,Paraguay,Mayo,1
fortaleza cleaning and care del paraguay sa,Paraguay,Mayo,1
oktana,Paraguay,Mayo,1
oktana,Paraguay,Mayo,1
oktana,Paraguay,Mayo,1
rhgroup,Paraguay,Mayo,1
ac talentos s.a.,El Salvador,Abril,12
latin top jobs,El Salvador,Abril,9
"pliret, s.a de c.v",El Salvador,Abril,6
"omnisport, s.a. de c.v.",El Salvador,Abril,5
"pliret, s.a de c.v",El Salvador,Abril,5
corporación multi inversiones,El Salvador,Abril,4
corporación multi inversiones,El Salvador,Abril,4
corporación multi inversiones,El Salvador,Abril,4
gestión empresarial,El Salvador,Abril,4
human  resources company s.a de c.v,El Salvador,Abril,4
"omnisport, s.a. de c.v.",El Salvador,Abril,4
"pliret, s.a de c.v",El Salvador,Abril,4
.fundación salvador del mundo,El Salvador,Abril,3
atento el salvador,El Salvador,Abril,3
codosat el salvador,El Salvador,Abril,3
"contactos y oportunidades, s.a. de c.v.",El Salvador,Abril,3
"contactos y oportunidades, s.a. de c.v.",El Salvador,Abril,3
corporación multi inversiones,El Salvador,Abril,3
global outsourcing s.a. de c.v.,El Salvador,Abril,3
global outsourcing s.a. de c.v.,El Salvador,Abril,3
"quimicas consolidadas, s.a. de c.v.",El Salvador,Enero,4
( consisa ) consultores de sistemas,El Salvador,Enero,3
akos,El Salvador,Enero,3
"almacenes bou, s.a de c.v",El Salvador,Enero,3
"almacenes rabelt, s.a de c.v.",El Salvador,Enero,3
"almacenes rabelt, s.a de c.v.",El Salvador,Enero,3
altercredit sa de cv,El Salvador,Enero,3
bairesdev sa,El Salvador,Enero,3
cotace s.a. de c.v.,El Salvador,Enero,3
"cpa el salvador, s.a. de c.v.",El Salvador,Enero,3
celular star s.a de c.v,El Salvador,Enero,3
"colsa, s,a,",El Salvador,Enero,3
contrataciones el salvador,El Salvador,Enero,3
destellos s.a de c.v.,El Salvador,Enero,3
diseñarte s.a. de c.v.,El Salvador,Enero,3
distribuidora dj s.a. de c:v.,El Salvador,Enero,3
distribuidora el salvador,El Salvador,Enero,3
empresa ferretera,El Salvador,Enero,3
gq racing sport,El Salvador,Enero,3
"importadora ramirez, s.a. de c.v.",El Salvador,Enero,3
global outsourcing s.a. de c.v.,El Salvador,Febrero,46
"pliret, s.a de c.v",El Salvador,Febrero,35
"pliret, s.a de c.v",El Salvador,Febrero,34
integral workers,El Salvador,Febrero,29
corporación multi inversiones,El Salvador,Febrero,26
global outsourcing s.a. de c.v.,El Salvador,Febrero,20
"pliret, s.a de c.v",El Salvador,Febrero,19
"contactos y oportunidades, s.a. de c.v.",El Salvador,Febrero,17
corporación multi inversiones,El Salvador,Febrero,17
"pliret, s.a de c.v",El Salvador,Febrero,16
ac talentos s.a.,El Salvador,Febrero,15
almacenes vidri,El Salvador,Febrero,15
global outsourcing s.a. de c.v.,El Salvador,Febrero,15
integral workers,El Salvador,Febrero,15
integral workers,El Salvador,Febrero,15
"contactos y oportunidades, s.a. de c.v.",El Salvador,Febrero,14
global outsourcing s.a. de c.v.,El Salvador,Febrero,14
corporación multi inversiones,El Salvador,Febrero,12
global outsourcing s.a. de c.v.,El Salvador,Febrero,12
corporación multi inversiones,El Salvador,Febrero,11
grupo stt el salvador sa de c.v,El Salvador,Julio,7
importante empresa del sector,El Salvador,Julio,6
importante empresa del sector,El Salvador,Julio,6
codosat el salvador,El Salvador,Julio,5
importante empresa del sector,El Salvador,Julio,5
gsp corp.,El Salvador,Julio,4
genius sports,El Salvador,Julio,4
manpower group,El Salvador,Julio,4
bsci,El Salvador,Julio,3
bairesdev sa,El Salvador,Julio,3
celular star s.a de c.v,El Salvador,Julio,3
"contactos y oportunidades, s.a. de c.v.",El Salvador,Julio,3
corporación multi inversiones,El Salvador,Julio,3
express wheels,El Salvador,Julio,3
industrias jovida s.a. de c.v.,El Salvador,Julio,3
intradesa s.a de c.v,El Salvador,Julio,3
necon s.a. de c.v.,El Salvador,Julio,3
"savona, s.a de c.v",El Salvador,Julio,3
sigma alimentos el salvador,El Salvador,Julio,3
"teltec, s.a de c.v.",El Salvador,Julio,3
corporación multi inversiones,El Salvador,Junio,14
the people company,El Salvador,Junio,8
bsci,El Salvador,Junio,5
manpower group,El Salvador,Junio,5
banco abank s.a.,El Salvador,Junio,4
codosat el salvador,El Salvador,Junio,4
corporación multi inversiones,El Salvador,Junio,4
"pliret, s.a de c.v",El Salvador,Junio,4
urbano express,El Salvador,Junio,4
urbano express,El Salvador,Junio,4
urbano express,El Salvador,Junio,4
ac talentos s.a.,El Salvador,Junio,3
"aire standard, s.a. de c.v.",El Salvador,Junio,3
bairesdev sa,El Salvador,Junio,3
c&s,El Salvador,Junio,3
c&s,El Salvador,Junio,3
codosat el salvador,El Salvador,Junio,3
celular boutique,El Salvador,Junio,3
"contactos y oportunidades, s.a. de c.v.",El Salvador,Junio,3
corporación multi inversiones,El Salvador,Junio,3
global outsourcing s.a. de c.v.,El Salvador,Marzo,20
global outsourcing s.a. de c.v.,El Salvador,Marzo,20
corporación multi inversiones,El Salvador,Marzo,19
almacenes vidri,El Salvador,Marzo,16
corporación multi inversiones,El Salvador,Marzo,14
corporación multi inversiones,El Salvador,Marzo,13
corporación multi inversiones,El Salvador,Marzo,12
galvanissa,El Salvador,Marzo,12
"pliret, s.a de c.v",El Salvador,Marzo,12
ac talentos s.a.,El Salvador,Marzo,11
galvanissa,El Salvador,Marzo,11
global outsourcing s.a. de c.v.,El Salvador,Marzo,10
corporación multi inversiones,El Salvador,Marzo,9
integral workers,El Salvador,Marzo,9
"next job, s.a. de c.v.",El Salvador,Marzo,9
almacenes vidri,El Salvador,Marzo,8
"contactos y oportunidades, s.a. de c.v.",El Salvador,Marzo,8
corporación multi inversiones,El Salvador,Marzo,8
global outsourcing s.a. de c.v.,El Salvador,Marzo,8
manpower group,El Salvador,Marzo,8
corporación multi inversiones,El Salvador,Mayo,17
the people company,El Salvador,Mayo,6
bsci,El Salvador,Mayo,5
corporación multi inversiones,El Salvador,Mayo,5
bsci,El Salvador,Mayo,4
galvanissa,El Salvador,Mayo,4
solusersa s.a de c.v,El Salvador,Mayo,4
urbano express,El Salvador,Mayo,4
ac talentos s.a.,El Salvador,Mayo,3
c&s,El Salvador,Mayo,3
"contactos y oportunidades, s.a. de c.v.",El Salvador,Mayo,3
corporación multi inversiones,El Salvador,Mayo,3
corporación multi inversiones,El Salvador,Mayo,3
galvanissa,El Salvador,Mayo,3
optima consultores,El Salvador,Mayo,3
parts plus,El Salvador,Mayo,3
strategica consultores,El Salvador,Mayo,3
valores y servicios regionales sa de cv (gen´t),El Salvador,Mayo,3
zagrofer,El Salvador,Mayo,3
ac talentos s.a.,El Salvador,Mayo,2
bairesdev,Uruguay,Abril,59
bairesdev,Uruguay,Abril,10
bairesdev,Uruguay,Abril,10
bairesdev,Uruguay,Abril,10
bairesdev,Uruguay,Abril,10
manpower group,Uruguay,Abril,9
manpower group,Uruguay,Abril,6
manpower group,Uruguay,Abril,6
aldesa construcciones sa,Uruguay,Abril,5
manpower group,Uruguay,Abril,4
coneban sa,Uruguay,Abril,3
coneban sa,Uruguay,Abril,3
manpower group,Uruguay,Abril,3
randstad,Uruguay,Abril,3
randstad,Uruguay,Abril,3
randstad,Uruguay,Abril,3
adecco,Uruguay,Abril,2
esece,Uruguay,Abril,2
etermax,Uruguay,Abril,2
eventuales consultora,Uruguay,Abril,2
possum,Uruguay,Enero,5
movilex recycling uruguay,Uruguay,Enero,4
casa tr3s,Uruguay,Enero,3
gran hotel,Uruguay,Enero,3
lojas renner s.a.,Uruguay,Enero,3
new age data,Uruguay,Enero,3
possum,Uruguay,Enero,3
ag,Uruguay,Enero,2
adecco,Uruguay,Enero,2
cn global arcadia s.l.,Uruguay,Enero,2
corp.del pres. de la iglesia de jesucristo de los santos,Uruguay,Enero,2
casa tr3s,Uruguay,Enero,2
dca servicio profesional,Uruguay,Enero,2
distribuidora de la costa,Uruguay,Enero,2
esece,Uruguay,Enero,2
entrust,Uruguay,Enero,2
estilo srl,Uruguay,Enero,2
ganifox,Uruguay,Enero,2
lumary s.a.,Uruguay,Enero,2
mazars,Uruguay,Enero,2
bairesdev,Uruguay,Febrero,48
manpower group,Uruguay,Febrero,35
manpower group,Uruguay,Febrero,32
manpower group,Uruguay,Febrero,30
manpower group,Uruguay,Febrero,27
manpower group,Uruguay,Febrero,25
advice,Uruguay,Febrero,17
randstad,Uruguay,Febrero,12
randstad,Uruguay,Febrero,12
randstad,Uruguay,Febrero,11
advice,Uruguay,Febrero,9
advice,Uruguay,Febrero,9
bairesdev,Uruguay,Febrero,8
advice,Uruguay,Febrero,7
oktana,Uruguay,Febrero,7
adecco,Uruguay,Febrero,6
grupo humano consultores,Uruguay,Febrero,6
adecco,Uruguay,Febrero,5
eventuales consultora,Uruguay,Febrero,5
work  office s.a.,Uruguay,Febrero,5
bairesdev,Uruguay,Julio,13
manpower group,Uruguay,Julio,13
bairesdev,Uruguay,Julio,12
bairesdev,Uruguay,Julio,7
manpower group,Uruguay,Julio,7
manpower group,Uruguay,Julio,7
manpower group,Uruguay,Julio,6
importante empresa del sector,Uruguay,Julio,4
manpower group,Uruguay,Julio,4
coneban sa,Uruguay,Julio,3
espeicas puras la trinidad,Uruguay,Julio,3
estilo srl,Uruguay,Julio,3
importante empresa del sector,Uruguay,Julio,3
importante empresa del sector,Uruguay,Julio,3
manpower group,Uruguay,Julio,3
manpower group,Uruguay,Julio,3
manpower group,Uruguay,Julio,3
manpower group,Uruguay,Julio,3
manpower group,Uruguay,Julio,3
manpower group,Uruguay,Julio,3
bairesdev,Uruguay,Junio,20
bairesdev,Uruguay,Junio,11
bairesdev,Uruguay,Junio,10
manpower group,Uruguay,Junio,10
bairesdev,Uruguay,Junio,9
manpower group,Uruguay,Junio,9
manpower group,Uruguay,Junio,8
manpower group,Uruguay,Junio,7
manpower group,Uruguay,Junio,7
manpower group,Uruguay,Junio,6
manpower group,Uruguay,Junio,6
manpower group,Uruguay,Junio,6
dca servicio profesional,Uruguay,Junio,5
manpower group,Uruguay,Junio,4
manpower group,Uruguay,Junio,4
estilo srl,Uruguay,Junio,3
manpower group,Uruguay,Junio,3
manpower group,Uruguay,Junio,3
manpower group,Uruguay,Junio,3
manpower group,Uruguay,Junio,3
bairesdev,Uruguay,Marzo,27
manpower group,Uruguay,Marzo,22
manpower group,Uruguay,Marzo,21
manpower group,Uruguay,Marzo,21
manpower group,Uruguay,Marzo,20
bairesdev,Uruguay,Marzo,12
manpower group,Uruguay,Marzo,12
advice,Uruguay,Marzo,11
advice,Uruguay,Marzo,7
manpower group,Uruguay,Marzo,7
manpower group,Uruguay,Marzo,7
manpower group,Uruguay,Marzo,6
adecco,Uruguay,Marzo,5
advice,Uruguay,Marzo,5
dca servicio profesional,Uruguay,Marzo,5
esece,Uruguay,Marzo,5
grupo humano consultores,Uruguay,Marzo,5
manpower group,Uruguay,Marzo,5
work  office s.a.,Uruguay,Marzo,5
eventuales consultora,Uruguay,Marzo,4
bairesdev,Uruguay,Mayo,14
bairesdev,Uruguay,Mayo,13
bairesdev,Uruguay,Mayo,7
coneban sa,Uruguay,Mayo,6
dca servicio profesional,Uruguay,Mayo,6
manpower group,Uruguay,Mayo,6
coneban sa,Uruguay,Mayo,5
eventuales consultora,Uruguay,Mayo,5
manpower group,Uruguay,Mayo,5
manpower group,Uruguay,Mayo,5
manpower group,Uruguay,Mayo,5
bairesdev,Uruguay,Mayo,4
manpower group,Uruguay,Mayo,4
manpower group,Uruguay,Mayo,4
manpower group,Uruguay,Mayo,4
manpower group,Uruguay,Mayo,4
wunderman,Uruguay,Mayo,4
estilo srl,Uruguay,Mayo,3
estilo srl,Uruguay,Mayo,3
estilo srl,Uruguay,Mayo,3
bairesdev sa,Venezuela,Abril,131
bairesdev sa,Venezuela,Abril,50
neo sepelios,Venezuela,Abril,45
importaciones david 2016 c.a.,Venezuela,Abril,24
neo sepelios,Venezuela,Abril,24
"distribuidora gsc,c.a.",Venezuela,Abril,24
spotikron system,Venezuela,Abril,22
3pl panamericana,Venezuela,Abril,20
farmatodo,Venezuela,Abril,15
"rog transporte y turismo, c.a.",Venezuela,Abril,15
neo sepelios,Venezuela,Abril,14
mayor bauca c.a.,Venezuela,Abril,12
mayor bauca c.a.,Venezuela,Abril,12
distribuidora dm c.a,Venezuela,Abril,10
empresa ecologica ecolimpio,Venezuela,Abril,10
hispanos soluciones,Venezuela,Abril,10
hispanos soluciones,Venezuela,Abril,10
promotora tántalo,Venezuela,Abril,10
hispanos soluciones,Venezuela,Abril,9
neo sepelios,Venezuela,Abril,9
inversiones wgs 2016,Venezuela,Enero,45
neo sepelios,Venezuela,Enero,24
autopartes emi ca,Venezuela,Enero,22
automotriz richard c.a.,Venezuela,Enero,21
inversiones wgs 2016,Venezuela,Enero,20
arts instituto de computacion grafica,Venezuela,Enero,19
cardiología no invasiva s.c,Venezuela,Enero,18
corporacion impo world,Venezuela,Enero,18
cauchos la mundial,Venezuela,Enero,18
distribuidora a&g c.a.,Venezuela,Enero,17
distribuidora merca facil c.a. supermercado garzon,Venezuela,Enero,16
distribuidora de repuestos ganma c.a.,Venezuela,Enero,15
jp consultoria integral,Venezuela,Enero,14
omar parts 2016 c.a,Venezuela,Enero,14
"distribuidora gsc,c.a.",Venezuela,Enero,14
distribuidora de repuestos ganma c.a.,Venezuela,Enero,13
"global uno logistics de venezuela, c.a.",Venezuela,Enero,13
omar parts 2016 c.a,Venezuela,Enero,13
cincod c.a,Venezuela,Enero,12
comercializadora kromi market c.a.,Venezuela,Enero,12
bairesdev sa,Venezuela,Febrero,107
bairesdev sa,Venezuela,Febrero,62
neo sepelios,Venezuela,Febrero,41
directa group,Venezuela,Febrero,40
bairesdev sa,Venezuela,Febrero,38
directa group,Venezuela,Febrero,32
directa group,Venezuela,Febrero,29
directa group,Venezuela,Febrero,29
1bc,Venezuela,Febrero,26
directa group,Venezuela,Febrero,26
bairesdev sa,Venezuela,Febrero,25
directa group,Venezuela,Febrero,25
inversiones wgs 2016,Venezuela,Febrero,25
autoparts ultra sed c.a,Venezuela,Febrero,24
"creaciones sol radiante, c.a.",Venezuela,Febrero,24
neo sepelios,Venezuela,Febrero,24
inversiones wgs 2016,Venezuela,Febrero,20
inversiones tornillos serrano c.a,Venezuela,Febrero,20
directa group,Venezuela,Febrero,19
directa group,Venezuela,Febrero,18
bairesdev sa,Venezuela,Julio,96
"okimport,c.a",Venezuela,Julio,30
chesterwood,Venezuela,Julio,28
"gemethca, c.a",Venezuela,Julio,23
neo sepelios,Venezuela,Julio,22
mg servicios integrales c.a,Venezuela,Julio,19
promotora tántalo,Venezuela,Julio,19
importante empresa del sector,Venezuela,Julio,17
"link tech de venezuela, c.a.",Venezuela,Julio,17
"service tech de venezuela, c.a.",Venezuela,Julio,17
dm. talento consultores,Venezuela,Julio,14
distribuidora de repuestos valero c.a,Venezuela,Julio,13
"gemethca, c.a",Venezuela,Julio,12
mundo total,Venezuela,Julio,11
mundo total,Venezuela,Julio,11
promotora tántalo,Venezuela,Julio,11
sercoinfal c.a,Venezuela,Julio,11
directa group,Venezuela,Julio,10
hispanos soluciones,Venezuela,Julio,10
hispanos soluciones,Venezuela,Julio,10
bairesdev sa,Venezuela,Junio,134
bairesdev sa,Venezuela,Junio,96
bairesdev sa,Venezuela,Junio,73
bairesdev sa,Venezuela,Junio,55
bairesdev sa,Venezuela,Junio,52
neo sepelios,Venezuela,Junio,24
neo sepelios,Venezuela,Junio,24
bairesdev sa,Venezuela,Junio,22
distribuidora full brake ii c.a,Venezuela,Junio,18
inversiones tornillos serrano c.a,Venezuela,Junio,17
promotora tántalo,Venezuela,Junio,17
inversiones wgs 2016,Venezuela,Junio,14
sinergia consultores interales ca,Venezuela,Junio,14
"drogueria biomedic lab centro,c.a",Venezuela,Junio,13
automotriz richard c.a.,Venezuela,Junio,12
cauchos la mundial,Venezuela,Junio,11
cauchos la mundial,Venezuela,Junio,11
cauchos la mundial,Venezuela,Junio,10
hispanos soluciones,Venezuela,Junio,10
hispanos soluciones,Venezuela,Junio,10
bairesdev sa,Venezuela,Marzo,148
neo sepelios,Venezuela,Marzo,72
1bc,Venezuela,Marzo,42
bairesdev sa,Venezuela,Marzo,27
inversiones wgs 2016,Venezuela,Marzo,25
"omeca369,c.a.",Venezuela,Marzo,24
"la consultores, c.a.",Venezuela,Marzo,23
inversiones wgs 2016,Venezuela,Marzo,21
"inversiones andreas 2107,c.a",Venezuela,Marzo,18
cauchos la mundial,Venezuela,Marzo,17
directa group,Venezuela,Marzo,17
distribuidora de repuestos valero c.a,Venezuela,Marzo,16
inversiones wgs 2016,Venezuela,Marzo,16
chesterwood,Venezuela,Marzo,15
"global uno logistics de venezuela, c.a.",Venezuela,Marzo,15
"chg  asesores hoteleros y servicios, c.a.",Venezuela,Marzo,13
"corporación hotelera playa el tirano, c.a",Venezuela,Marzo,13
directa group,Venezuela,Marzo,13
distribuidora intercotton 17 c.a.,Venezuela,Marzo,13
desarrollos informaticos shm s.l.,Venezuela,Marzo,12
bairesdev sa,Venezuela,Mayo,169
alianza glancelot,Venezuela,Mayo,39
alianza glancelot,Venezuela,Mayo,26
alianza glancelot,Venezuela,Mayo,26
neo sepelios,Venezuela,Mayo,24
neo sepelios,Venezuela,Mayo,24
neo sepelios,Venezuela,Mayo,24
promotora tántalo,Venezuela,Mayo,21
autoparts ultra sed c.a,Venezuela,Mayo,18
alianza glancelot,Venezuela,Mayo,18
fundación consejo noruego para refugiados,Venezuela,Mayo,14
alianza glancelot,Venezuela,Mayo,13
cauchos la mundial,Venezuela,Mayo,13
alianza glancelot,Venezuela,Mayo,10
cauchos la mundial,Venezuela,Mayo,10
hispanos soluciones,Venezuela,Mayo,10
hispanos soluciones,Venezuela,Mayo,10
laboratorio behrens,Venezuela,Mayo,10
logica sistemas c.a.,Venezuela,Mayo,10
"prc333, c.a.",Venezuela,Mayo,10
